PROB_NAME,MACHINE,PROB_SIZE,NUMBER_CORES,ALG_TIME,TOTAL_TIME
PI_SERIES,Intel(R) Core(TM) i5-4590 CPU @ 3.30GHz,8,0,0.000000251,0.000018093
PI_SERIES,Intel(R) Core(TM) i5-4590 CPU @ 3.30GHz,16,0,0.000000348,0.000016287
PI_SERIES,Intel(R) Core(TM) i5-4590 CPU @ 3.30GHz,32,0,0.000000543,0.000016867
PI_SERIES,Intel(R) Core(TM) i5-4590 CPU @ 3.30GHz,64,0,0.000001001,0.000017593
PI_SERIES,Intel(R) Core(TM) i5-4590 CPU @ 3.30GHz,128,0,0.00000186,0.000018059
PI_SERIES,Intel(R) Core(TM) i5-4590 CPU @ 3.30GHz,256,0,0.000003627,0.000019552
PI_SERIES,Intel(R) Core(TM) i5-4590 CPU @ 3.30GHz,512,0,0.000007227,0.000023387
PI_SERIES,Intel(R) Core(TM) i5-4590 CPU @ 3.30GHz,1024,0,0.000013207,0.000028637
PI_SERIES,Intel(R) Core(TM) i5-4590 CPU @ 3.30GHz,2048,0,0.000026258,0.000041027
PI_SERIES,Intel(R) Core(TM) i5-4590 CPU @ 3.30GHz,4096,0,0.000052342,0.000067625
PI_SERIES,Intel(R) Core(TM) i5-4590 CPU @ 3.30GHz,8192,0,0.000104756,0.000119734
PI_SERIES,Intel(R) Core(TM) i5-4590 CPU @ 3.30GHz,16384,0,0.000208972,0.000223753
PI_SERIES,Intel(R) Core(TM) i5-4590 CPU @ 3.30GHz,32768,0,0.000419137,0.000434537
PI_SERIES,Intel(R) Core(TM) i5-4590 CPU @ 3.30GHz,65536,0,0.000836185,0.000851898
PI_SERIES,Intel(R) Core(TM) i5-4590 CPU @ 3.30GHz,131072,0,0.001671541,0.001686542
PI_SERIES,Intel(R) Core(TM) i5-4590 CPU @ 3.30GHz,262144,0,0.003364533,0.003383126
PI_SERIES,Intel(R) Core(TM) i5-4590 CPU @ 3.30GHz,524288,0,0.00671267,0.006727684
PI_SERIES,Intel(R) Core(TM) i5-4590 CPU @ 3.30GHz,1048576,0,0.013331543,0.013346613
PI_SERIES,Intel(R) Core(TM) i5-4590 CPU @ 3.30GHz,2097152,0,0.024550052,0.024563801
PI_SERIES,Intel(R) Core(TM) i5-4590 CPU @ 3.30GHz,4194304,0,0.043304507,0.043317087
PI_SERIES,Intel(R) Core(TM) i5-4590 CPU @ 3.30GHz,8388608,0,0.079656557,0.079668838
PI_SERIES,Intel(R) Core(TM) i5-4590 CPU @ 3.30GHz,16777216,0,0.16040119,0.160413558
PI_SERIES,Intel(R) Core(TM) i5-4590 CPU @ 3.30GHz,33554432,0,0.334966631,0.334979193
PI_SERIES,Intel(R) Core(TM) i5-4590 CPU @ 3.30GHz,67108864,0,0.636114525,0.636126869
PI_SERIES,Intel(R) Core(TM) i5-4590 CPU @ 3.30GHz,134217728,0,1.259707352,1.259719935
PI_SERIES,Intel(R) Core(TM) i5-4590 CPU @ 3.30GHz,268435456,0,2.552829622,2.552841946
PI_SERIES,Intel(R) Core(TM) i5-4590 CPU @ 3.30GHz,8,2,0.000069775,0.000078369
PI_SERIES,Intel(R) Core(TM) i5-4590 CPU @ 3.30GHz,16,2,0.000066429,0.00007471
PI_SERIES,Intel(R) Core(TM) i5-4590 CPU @ 3.30GHz,32,2,0.000060954,0.000069226
PI_SERIES,Intel(R) Core(TM) i5-4590 CPU @ 3.30GHz,64,2,0.000062,0.000070646
PI_SERIES,Intel(R) Core(TM) i5-4590 CPU @ 3.30GHz,128,2,0.000065431,0.000074039
PI_SERIES,Intel(R) Core(TM) i5-4590 CPU @ 3.30GHz,256,2,0.000064019,0.000072496
PI_SERIES,Intel(R) Core(TM) i5-4590 CPU @ 3.30GHz,512,2,0.000063424,0.000071911
PI_SERIES,Intel(R) Core(TM) i5-4590 CPU @ 3.30GHz,1024,2,0.000067609,0.000076166
PI_SERIES,Intel(R) Core(TM) i5-4590 CPU @ 3.30GHz,2048,2,0.000073591,0.000082116
PI_SERIES,Intel(R) Core(TM) i5-4590 CPU @ 3.30GHz,4096,2,0.000081112,0.000089618
PI_SERIES,Intel(R) Core(TM) i5-4590 CPU @ 3.30GHz,8192,2,0.000106641,0.000115217
PI_SERIES,Intel(R) Core(TM) i5-4590 CPU @ 3.30GHz,16384,2,0.000141474,0.000150028
PI_SERIES,Intel(R) Core(TM) i5-4590 CPU @ 3.30GHz,32768,2,0.000215789,0.00022422
PI_SERIES,Intel(R) Core(TM) i5-4590 CPU @ 3.30GHz,65536,2,0.000234744,0.000243185
PI_SERIES,Intel(R) Core(TM) i5-4590 CPU @ 3.30GHz,131072,2,0.000721377,0.000729937
PI_SERIES,Intel(R) Core(TM) i5-4590 CPU @ 3.30GHz,262144,2,0.000958916,0.000967445
PI_SERIES,Intel(R) Core(TM) i5-4590 CPU @ 3.30GHz,524288,2,0.002913174,0.002921681
PI_SERIES,Intel(R) Core(TM) i5-4590 CPU @ 3.30GHz,1048576,2,0.004914336,0.004923363
PI_SERIES,Intel(R) Core(TM) i5-4590 CPU @ 3.30GHz,2097152,2,0.006889431,0.006897813
PI_SERIES,Intel(R) Core(TM) i5-4590 CPU @ 3.30GHz,4194304,2,0.021325749,0.021334166
PI_SERIES,Intel(R) Core(TM) i5-4590 CPU @ 3.30GHz,8388608,2,0.024680925,0.024689497
PI_SERIES,Intel(R) Core(TM) i5-4590 CPU @ 3.30GHz,16777216,2,0.046874395,0.046883086
PI_SERIES,Intel(R) Core(TM) i5-4590 CPU @ 3.30GHz,33554432,2,0.108465328,0.10847402
PI_SERIES,Intel(R) Core(TM) i5-4590 CPU @ 3.30GHz,67108864,2,0.175618878,0.175627559
PI_SERIES,Intel(R) Core(TM) i5-4590 CPU @ 3.30GHz,134217728,2,0.385609195,0.385617865
PI_SERIES,Intel(R) Core(TM) i5-4590 CPU @ 3.30GHz,268435456,2,0.704448327,0.704457216
PI_SERIES,Intel(R) Core(TM) i5-4590 CPU @ 3.30GHz,8,4,0.000119587,0.000128314
PI_SERIES,Intel(R) Core(TM) i5-4590 CPU @ 3.30GHz,16,4,0.000099447,0.000108126
PI_SERIES,Intel(R) Core(TM) i5-4590 CPU @ 3.30GHz,32,4,0.000115841,0.000124524
PI_SERIES,Intel(R) Core(TM) i5-4590 CPU @ 3.30GHz,64,4,0.00011865,0.00012732
PI_SERIES,Intel(R) Core(TM) i5-4590 CPU @ 3.30GHz,128,4,0.00018208,0.000190718
PI_SERIES,Intel(R) Core(TM) i5-4590 CPU @ 3.30GHz,256,4,0.000113365,0.000121898
PI_SERIES,Intel(R) Core(TM) i5-4590 CPU @ 3.30GHz,512,4,0.000118861,0.000127488
PI_SERIES,Intel(R) Core(TM) i5-4590 CPU @ 3.30GHz,1024,4,0.000103753,0.000112389
PI_SERIES,Intel(R) Core(TM) i5-4590 CPU @ 3.30GHz,2048,4,0.0001147,0.000122993
PI_SERIES,Intel(R) Core(TM) i5-4590 CPU @ 3.30GHz,4096,4,0.000617359,0.000625966
PI_SERIES,Intel(R) Core(TM) i5-4590 CPU @ 3.30GHz,8192,4,0.000130939,0.000139723
PI_SERIES,Intel(R) Core(TM) i5-4590 CPU @ 3.30GHz,16384,4,0.000150594,0.000158949
PI_SERIES,Intel(R) Core(TM) i5-4590 CPU @ 3.30GHz,32768,4,0.000229234,0.000237746
PI_SERIES,Intel(R) Core(TM) i5-4590 CPU @ 3.30GHz,65536,4,0.000447208,0.000455849
PI_SERIES,Intel(R) Core(TM) i5-4590 CPU @ 3.30GHz,131072,4,0.001040437,0.001049059
PI_SERIES,Intel(R) Core(TM) i5-4590 CPU @ 3.30GHz,262144,4,0.002288875,0.002297543
PI_SERIES,Intel(R) Core(TM) i5-4590 CPU @ 3.30GHz,524288,4,0.002314599,0.002323032
PI_SERIES,Intel(R) Core(TM) i5-4590 CPU @ 3.30GHz,1048576,4,0.00468849,0.00469724
PI_SERIES,Intel(R) Core(TM) i5-4590 CPU @ 3.30GHz,2097152,4,0.008036421,0.008045089
PI_SERIES,Intel(R) Core(TM) i5-4590 CPU @ 3.30GHz,4194304,4,0.020713968,0.02072177
PI_SERIES,Intel(R) Core(TM) i5-4590 CPU @ 3.30GHz,8388608,4,0.023464008,0.023472791
PI_SERIES,Intel(R) Core(TM) i5-4590 CPU @ 3.30GHz,16777216,4,0.061987467,0.06199614
PI_SERIES,Intel(R) Core(TM) i5-4590 CPU @ 3.30GHz,33554432,4,0.119483944,0.119492776
PI_SERIES,Intel(R) Core(TM) i5-4590 CPU @ 3.30GHz,67108864,4,0.266254121,0.266262785
PI_SERIES,Intel(R) Core(TM) i5-4590 CPU @ 3.30GHz,134217728,4,0.502003407,0.502011133
PI_SERIES,Intel(R) Core(TM) i5-4590 CPU @ 3.30GHz,268435456,4,1.087685024,1.087693963
PI_SERIES,Intel(R) Xeon(R) CPU E5-2640 v3 @ 2.60GHz,4,0,0.00000024,0.000019911
PI_SERIES,Intel(R) Xeon(R) CPU E5-2640 v3 @ 2.60GHz,8,0,0.000000351,0.000021668
PI_SERIES,Intel(R) Xeon(R) CPU E5-2640 v3 @ 2.60GHz,16,0,0.000000462,0.000020127
PI_SERIES,Intel(R) Xeon(R) CPU E5-2640 v3 @ 2.60GHz,32,0,0.000000851,0.00002048
PI_SERIES,Intel(R) Xeon(R) CPU E5-2640 v3 @ 2.60GHz,64,0,0.000001466,0.000019858
PI_SERIES,Intel(R) Xeon(R) CPU E5-2640 v3 @ 2.60GHz,128,0,0.000002851,0.000021374
PI_SERIES,Intel(R) Xeon(R) CPU E5-2640 v3 @ 2.60GHz,256,0,0.000005595,0.000023997
PI_SERIES,Intel(R) Xeon(R) CPU E5-2640 v3 @ 2.60GHz,512,0,0.000011057,0.000029386
PI_SERIES,Intel(R) Xeon(R) CPU E5-2640 v3 @ 2.60GHz,1024,0,0.00002196,0.00004044
PI_SERIES,Intel(R) Xeon(R) CPU E5-2640 v3 @ 2.60GHz,2048,0,0.000043821,0.000062288
PI_SERIES,Intel(R) Xeon(R) CPU E5-2640 v3 @ 2.60GHz,4096,0,0.000087496,0.000106216
PI_SERIES,Intel(R) Xeon(R) CPU E5-2640 v3 @ 2.60GHz,8192,0,0.000175048,0.000193621
PI_SERIES,Intel(R) Xeon(R) CPU E5-2640 v3 @ 2.60GHz,16384,0,0.000349656,0.000368113
PI_SERIES,Intel(R) Xeon(R) CPU E5-2640 v3 @ 2.60GHz,32768,0,0.000706999,0.000725439
PI_SERIES,Intel(R) Xeon(R) CPU E5-2640 v3 @ 2.60GHz,65536,0,0.001318749,0.001336426
PI_SERIES,Intel(R) Xeon(R) CPU E5-2640 v3 @ 2.60GHz,131072,0,0.002628803,0.002646198
PI_SERIES,Intel(R) Xeon(R) CPU E5-2640 v3 @ 2.60GHz,262144,0,0.005122858,0.005140236
PI_SERIES,Intel(R) Xeon(R) CPU E5-2640 v3 @ 2.60GHz,524288,0,0.010506724,0.010523292
PI_SERIES,Intel(R) Xeon(R) CPU E5-2640 v3 @ 2.60GHz,1048576,0,0.018256712,0.018272512
PI_SERIES,Intel(R) Xeon(R) CPU E5-2640 v3 @ 2.60GHz,2097152,0,0.036701856,0.0367183
PI_SERIES,Intel(R) Xeon(R) CPU E5-2640 v3 @ 2.60GHz,4194304,0,0.062323542,0.062337836
PI_SERIES,Intel(R) Xeon(R) CPU E5-2640 v3 @ 2.60GHz,8388608,0,0.097627066,0.097640602
PI_SERIES,Intel(R) Xeon(R) CPU E5-2640 v3 @ 2.60GHz,16777216,0,0.163002693,0.16301444
PI_SERIES,Intel(R) Xeon(R) CPU E5-2640 v3 @ 2.60GHz,33554432,0,0.316536609,0.316545813
PI_SERIES,Intel(R) Xeon(R) CPU E5-2640 v3 @ 2.60GHz,67108864,0,0.633401932,0.633411061
PI_SERIES,Intel(R) Xeon(R) CPU E5-2640 v3 @ 2.60GHz,134217728,0,1.291926003,1.291941133
PI_SERIES,Intel(R) Xeon(R) CPU E5-2640 v3 @ 2.60GHz,268435456,0,2.552469575,2.552481838
PI_SERIES,Intel(R) Xeon(R) CPU E5-2640 v3 @ 2.60GHz,4,2,0.000110202,0.000118798
PI_SERIES,Intel(R) Xeon(R) CPU E5-2640 v3 @ 2.60GHz,8,2,0.000159574,0.000177921
PI_SERIES,Intel(R) Xeon(R) CPU E5-2640 v3 @ 2.60GHz,16,2,0.000099047,0.00010712
PI_SERIES,Intel(R) Xeon(R) CPU E5-2640 v3 @ 2.60GHz,32,2,0.000136395,0.000154678
PI_SERIES,Intel(R) Xeon(R) CPU E5-2640 v3 @ 2.60GHz,64,2,0.000106382,0.000114522
PI_SERIES,Intel(R) Xeon(R) CPU E5-2640 v3 @ 2.60GHz,128,2,0.000141995,0.00015936
PI_SERIES,Intel(R) Xeon(R) CPU E5-2640 v3 @ 2.60GHz,256,2,0.000093684,0.000101796
PI_SERIES,Intel(R) Xeon(R) CPU E5-2640 v3 @ 2.60GHz,512,2,0.000142017,0.000158461
PI_SERIES,Intel(R) Xeon(R) CPU E5-2640 v3 @ 2.60GHz,1024,2,0.000084729,0.000092943
PI_SERIES,Intel(R) Xeon(R) CPU E5-2640 v3 @ 2.60GHz,2048,2,0.000150207,0.000166644
PI_SERIES,Intel(R) Xeon(R) CPU E5-2640 v3 @ 2.60GHz,4096,2,0.000110937,0.000119072
PI_SERIES,Intel(R) Xeon(R) CPU E5-2640 v3 @ 2.60GHz,8192,2,0.000227546,0.00024397
PI_SERIES,Intel(R) Xeon(R) CPU E5-2640 v3 @ 2.60GHz,16384,2,0.000276712,0.000284799
PI_SERIES,Intel(R) Xeon(R) CPU E5-2640 v3 @ 2.60GHz,32768,2,0.000374732,0.000390955
PI_SERIES,Intel(R) Xeon(R) CPU E5-2640 v3 @ 2.60GHz,65536,2,0.000741674,0.000749835
PI_SERIES,Intel(R) Xeon(R) CPU E5-2640 v3 @ 2.60GHz,131072,2,0.00218191,0.002198197
PI_SERIES,Intel(R) Xeon(R) CPU E5-2640 v3 @ 2.60GHz,262144,2,0.002228579,0.002236733
PI_SERIES,Intel(R) Xeon(R) CPU E5-2640 v3 @ 2.60GHz,524288,2,0.004168231,0.004184602
PI_SERIES,Intel(R) Xeon(R) CPU E5-2640 v3 @ 2.60GHz,1048576,2,0.012478116,0.012486329
PI_SERIES,Intel(R) Xeon(R) CPU E5-2640 v3 @ 2.60GHz,2097152,2,0.013999013,0.014013655
PI_SERIES,Intel(R) Xeon(R) CPU E5-2640 v3 @ 2.60GHz,4194304,2,0.046669329,0.046687596
PI_SERIES,Intel(R) Xeon(R) CPU E5-2640 v3 @ 2.60GHz,8388608,2,0.074459577,0.074467729
PI_SERIES,Intel(R) Xeon(R) CPU E5-2640 v3 @ 2.60GHz,16777216,2,0.101371464,0.101379592
PI_SERIES,Intel(R) Xeon(R) CPU E5-2640 v3 @ 2.60GHz,33554432,2,0.199129752,0.199138009
PI_SERIES,Intel(R) Xeon(R) CPU E5-2640 v3 @ 2.60GHz,67108864,2,0.629992457,0.6300007
PI_SERIES,Intel(R) Xeon(R) CPU E5-2640 v3 @ 2.60GHz,134217728,2,1.066499975,1.066508142
PI_SERIES,Intel(R) Xeon(R) CPU E5-2640 v3 @ 2.60GHz,268435456,2,1.028590306,1.02859849
PI_SERIES,Intel(R) Xeon(R) CPU E5-2640 v3 @ 2.60GHz,4,4,0.000121926,0.000130019
PI_SERIES,Intel(R) Xeon(R) CPU E5-2640 v3 @ 2.60GHz,8,4,0.00009492,0.000102938
PI_SERIES,Intel(R) Xeon(R) CPU E5-2640 v3 @ 2.60GHz,16,4,0.000097345,0.000105393
PI_SERIES,Intel(R) Xeon(R) CPU E5-2640 v3 @ 2.60GHz,32,4,0.000094652,0.000102734
PI_SERIES,Intel(R) Xeon(R) CPU E5-2640 v3 @ 2.60GHz,64,4,0.000096769,0.000104868
PI_SERIES,Intel(R) Xeon(R) CPU E5-2640 v3 @ 2.60GHz,128,4,0.000107967,0.000116102
PI_SERIES,Intel(R) Xeon(R) CPU E5-2640 v3 @ 2.60GHz,256,4,0.00010614,0.000114174
PI_SERIES,Intel(R) Xeon(R) CPU E5-2640 v3 @ 2.60GHz,512,4,0.000100859,0.000108879
PI_SERIES,Intel(R) Xeon(R) CPU E5-2640 v3 @ 2.60GHz,1024,4,0.000102654,0.000110769
PI_SERIES,Intel(R) Xeon(R) CPU E5-2640 v3 @ 2.60GHz,2048,4,0.000126922,0.000135002
PI_SERIES,Intel(R) Xeon(R) CPU E5-2640 v3 @ 2.60GHz,4096,4,0.000134237,0.000142294
PI_SERIES,Intel(R) Xeon(R) CPU E5-2640 v3 @ 2.60GHz,8192,4,0.000214609,0.000222747
PI_SERIES,Intel(R) Xeon(R) CPU E5-2640 v3 @ 2.60GHz,16384,4,0.000209279,0.000217399
PI_SERIES,Intel(R) Xeon(R) CPU E5-2640 v3 @ 2.60GHz,32768,4,0.000376527,0.000384666
PI_SERIES,Intel(R) Xeon(R) CPU E5-2640 v3 @ 2.60GHz,65536,4,0.000568664,0.000576693
PI_SERIES,Intel(R) Xeon(R) CPU E5-2640 v3 @ 2.60GHz,131072,4,0.001051581,0.001059718
PI_SERIES,Intel(R) Xeon(R) CPU E5-2640 v3 @ 2.60GHz,262144,4,0.001659934,0.001668115
PI_SERIES,Intel(R) Xeon(R) CPU E5-2640 v3 @ 2.60GHz,524288,4,0.004098086,0.004106217
PI_SERIES,Intel(R) Xeon(R) CPU E5-2640 v3 @ 2.60GHz,1048576,4,0.008328048,0.008336197
PI_SERIES,Intel(R) Xeon(R) CPU E5-2640 v3 @ 2.60GHz,2097152,4,0.017699975,0.017708031
PI_SERIES,Intel(R) Xeon(R) CPU E5-2640 v3 @ 2.60GHz,4194304,4,0.02025542,0.020263566
PI_SERIES,Intel(R) Xeon(R) CPU E5-2640 v3 @ 2.60GHz,8388608,4,0.050062864,0.050070965
PI_SERIES,Intel(R) Xeon(R) CPU E5-2640 v3 @ 2.60GHz,16777216,4,0.084662988,0.084671122
PI_SERIES,Intel(R) Xeon(R) CPU E5-2640 v3 @ 2.60GHz,33554432,4,0.167324192,0.167332322
PI_SERIES,Intel(R) Xeon(R) CPU E5-2640 v3 @ 2.60GHz,67108864,4,0.466003628,0.466011902
PI_SERIES,Intel(R) Xeon(R) CPU E5-2640 v3 @ 2.60GHz,134217728,4,0.634711109,0.6347192
PI_SERIES,Intel(R) Xeon(R) CPU E5-2640 v3 @ 2.60GHz,268435456,4,1.195015644,1.195024205
PI_SERIES,Intel(R) Xeon(R) CPU E5-2640 v3 @ 2.60GHz,4,8,0.000186994,0.000196001
PI_SERIES,Intel(R) Xeon(R) CPU E5-2640 v3 @ 2.60GHz,8,8,0.000190653,0.000199778
PI_SERIES,Intel(R) Xeon(R) CPU E5-2640 v3 @ 2.60GHz,16,8,0.000160079,0.000168173
PI_SERIES,Intel(R) Xeon(R) CPU E5-2640 v3 @ 2.60GHz,32,8,0.000184245,0.00019327
PI_SERIES,Intel(R) Xeon(R) CPU E5-2640 v3 @ 2.60GHz,64,8,0.000171523,0.000179541
PI_SERIES,Intel(R) Xeon(R) CPU E5-2640 v3 @ 2.60GHz,128,8,0.000206774,0.000216002
PI_SERIES,Intel(R) Xeon(R) CPU E5-2640 v3 @ 2.60GHz,256,8,0.000165544,0.000173696
PI_SERIES,Intel(R) Xeon(R) CPU E5-2640 v3 @ 2.60GHz,512,8,0.000167796,0.000175856
PI_SERIES,Intel(R) Xeon(R) CPU E5-2640 v3 @ 2.60GHz,1024,8,0.000187025,0.000195129
PI_SERIES,Intel(R) Xeon(R) CPU E5-2640 v3 @ 2.60GHz,2048,8,0.000191345,0.000199288
PI_SERIES,Intel(R) Xeon(R) CPU E5-2640 v3 @ 2.60GHz,4096,8,0.000238488,0.000247524
PI_SERIES,Intel(R) Xeon(R) CPU E5-2640 v3 @ 2.60GHz,8192,8,0.000208925,0.000217197
PI_SERIES,Intel(R) Xeon(R) CPU E5-2640 v3 @ 2.60GHz,16384,8,0.000293328,0.000302199
PI_SERIES,Intel(R) Xeon(R) CPU E5-2640 v3 @ 2.60GHz,32768,8,0.000299581,0.000307769
PI_SERIES,Intel(R) Xeon(R) CPU E5-2640 v3 @ 2.60GHz,65536,8,0.000641488,0.000649584
PI_SERIES,Intel(R) Xeon(R) CPU E5-2640 v3 @ 2.60GHz,131072,8,0.000848617,0.000858255
PI_SERIES,Intel(R) Xeon(R) CPU E5-2640 v3 @ 2.60GHz,262144,8,0.00162874,0.001650277
PI_SERIES,Intel(R) Xeon(R) CPU E5-2640 v3 @ 2.60GHz,524288,8,0.003155459,0.003164339
PI_SERIES,Intel(R) Xeon(R) CPU E5-2640 v3 @ 2.60GHz,1048576,8,0.007103008,0.007111177
PI_SERIES,Intel(R) Xeon(R) CPU E5-2640 v3 @ 2.60GHz,2097152,8,0.014101052,0.014109705
PI_SERIES,Intel(R) Xeon(R) CPU E5-2640 v3 @ 2.60GHz,4194304,8,0.022388479,0.02239656
PI_SERIES,Intel(R) Xeon(R) CPU E5-2640 v3 @ 2.60GHz,8388608,8,0.03923959,0.039247994
PI_SERIES,Intel(R) Xeon(R) CPU E5-2640 v3 @ 2.60GHz,16777216,8,0.097559128,0.097567312
PI_SERIES,Intel(R) Xeon(R) CPU E5-2640 v3 @ 2.60GHz,33554432,8,0.165078178,0.165086458
PI_SERIES,Intel(R) Xeon(R) CPU E5-2640 v3 @ 2.60GHz,67108864,8,0.308865964,0.308874169
PI_SERIES,Intel(R) Xeon(R) CPU E5-2640 v3 @ 2.60GHz,134217728,8,0.582380455,0.582388618
PI_SERIES,Intel(R) Xeon(R) CPU E5-2640 v3 @ 2.60GHz,268435456,8,0.957150412,0.957158916
PI_SERIES,Intel(R) Xeon(R) CPU E5-2640 v3 @ 2.60GHz,4,12,0.00023185,0.000239969
PI_SERIES,Intel(R) Xeon(R) CPU E5-2640 v3 @ 2.60GHz,8,12,0.000265779,0.000274759
PI_SERIES,Intel(R) Xeon(R) CPU E5-2640 v3 @ 2.60GHz,16,12,0.000257864,0.000265998
PI_SERIES,Intel(R) Xeon(R) CPU E5-2640 v3 @ 2.60GHz,32,12,0.000266231,0.000275425
PI_SERIES,Intel(R) Xeon(R) CPU E5-2640 v3 @ 2.60GHz,64,12,0.000214042,0.000222219
PI_SERIES,Intel(R) Xeon(R) CPU E5-2640 v3 @ 2.60GHz,128,12,0.000275803,0.000284854
PI_SERIES,Intel(R) Xeon(R) CPU E5-2640 v3 @ 2.60GHz,256,12,0.000214355,0.00022242
PI_SERIES,Intel(R) Xeon(R) CPU E5-2640 v3 @ 2.60GHz,512,12,0.000248897,0.00025796
PI_SERIES,Intel(R) Xeon(R) CPU E5-2640 v3 @ 2.60GHz,1024,12,0.000223381,0.000231507
PI_SERIES,Intel(R) Xeon(R) CPU E5-2640 v3 @ 2.60GHz,2048,12,0.000258132,0.000267111
PI_SERIES,Intel(R) Xeon(R) CPU E5-2640 v3 @ 2.60GHz,4096,12,0.000288833,0.000296958
PI_SERIES,Intel(R) Xeon(R) CPU E5-2640 v3 @ 2.60GHz,8192,12,0.000315906,0.000325101
PI_SERIES,Intel(R) Xeon(R) CPU E5-2640 v3 @ 2.60GHz,16384,12,0.000309706,0.000321895
PI_SERIES,Intel(R) Xeon(R) CPU E5-2640 v3 @ 2.60GHz,32768,12,0.000391378,0.000399496
PI_SERIES,Intel(R) Xeon(R) CPU E5-2640 v3 @ 2.60GHz,65536,12,0.000678254,0.000687302
PI_SERIES,Intel(R) Xeon(R) CPU E5-2640 v3 @ 2.60GHz,131072,12,0.000946087,0.000954197
PI_SERIES,Intel(R) Xeon(R) CPU E5-2640 v3 @ 2.60GHz,262144,12,0.00155424,0.0015632
PI_SERIES,Intel(R) Xeon(R) CPU E5-2640 v3 @ 2.60GHz,524288,12,0.00287014,0.002878286
PI_SERIES,Intel(R) Xeon(R) CPU E5-2640 v3 @ 2.60GHz,1048576,12,0.006001459,0.006010204
PI_SERIES,Intel(R) Xeon(R) CPU E5-2640 v3 @ 2.60GHz,2097152,12,0.009712945,0.009721032
PI_SERIES,Intel(R) Xeon(R) CPU E5-2640 v3 @ 2.60GHz,4194304,12,0.020812385,0.020821085
PI_SERIES,Intel(R) Xeon(R) CPU E5-2640 v3 @ 2.60GHz,8388608,12,0.042763314,0.0427714
PI_SERIES,Intel(R) Xeon(R) CPU E5-2640 v3 @ 2.60GHz,16777216,12,0.071396003,0.071404371
PI_SERIES,Intel(R) Xeon(R) CPU E5-2640 v3 @ 2.60GHz,33554432,12,0.153999293,0.154007528
PI_SERIES,Intel(R) Xeon(R) CPU E5-2640 v3 @ 2.60GHz,67108864,12,0.2757408,0.275749009
PI_SERIES,Intel(R) Xeon(R) CPU E5-2640 v3 @ 2.60GHz,134217728,12,0.534315647,0.534323946
PI_SERIES,Intel(R) Xeon(R) CPU E5-2640 v3 @ 2.60GHz,268435456,12,1.067032786,1.067041093
PI_SERIES,Intel(R) Xeon(R) CPU E5-2640 v3 @ 2.60GHz,4,16,0.000270324,0.000278551
PI_SERIES,Intel(R) Xeon(R) CPU E5-2640 v3 @ 2.60GHz,8,16,0.000253677,0.000261737
PI_SERIES,Intel(R) Xeon(R) CPU E5-2640 v3 @ 2.60GHz,16,16,0.000250921,0.00025914
PI_SERIES,Intel(R) Xeon(R) CPU E5-2640 v3 @ 2.60GHz,32,16,0.000292154,0.000300345
PI_SERIES,Intel(R) Xeon(R) CPU E5-2640 v3 @ 2.60GHz,64,16,0.000279056,0.000287219
PI_SERIES,Intel(R) Xeon(R) CPU E5-2640 v3 @ 2.60GHz,128,16,0.00027858,0.000286643
PI_SERIES,Intel(R) Xeon(R) CPU E5-2640 v3 @ 2.60GHz,256,16,0.000299858,0.000308115
PI_SERIES,Intel(R) Xeon(R) CPU E5-2640 v3 @ 2.60GHz,512,16,0.000267529,0.00027565
PI_SERIES,Intel(R) Xeon(R) CPU E5-2640 v3 @ 2.60GHz,1024,16,0.000288147,0.000296385
PI_SERIES,Intel(R) Xeon(R) CPU E5-2640 v3 @ 2.60GHz,2048,16,0.00027034,0.000278497
PI_SERIES,Intel(R) Xeon(R) CPU E5-2640 v3 @ 2.60GHz,4096,16,0.000322842,0.000331128
PI_SERIES,Intel(R) Xeon(R) CPU E5-2640 v3 @ 2.60GHz,8192,16,0.000464998,0.000473144
PI_SERIES,Intel(R) Xeon(R) CPU E5-2640 v3 @ 2.60GHz,16384,16,0.000539767,0.000552136
PI_SERIES,Intel(R) Xeon(R) CPU E5-2640 v3 @ 2.60GHz,32768,16,0.00057155,0.000579878
PI_SERIES,Intel(R) Xeon(R) CPU E5-2640 v3 @ 2.60GHz,65536,16,0.000682082,0.000694027
PI_SERIES,Intel(R) Xeon(R) CPU E5-2640 v3 @ 2.60GHz,131072,16,0.000781512,0.000789635
PI_SERIES,Intel(R) Xeon(R) CPU E5-2640 v3 @ 2.60GHz,262144,16,0.001344657,0.001352854
PI_SERIES,Intel(R) Xeon(R) CPU E5-2640 v3 @ 2.60GHz,524288,16,0.002367367,0.002376166
PI_SERIES,Intel(R) Xeon(R) CPU E5-2640 v3 @ 2.60GHz,1048576,16,0.005229912,0.005238181
PI_SERIES,Intel(R) Xeon(R) CPU E5-2640 v3 @ 2.60GHz,2097152,16,0.009116579,0.009124831
PI_SERIES,Intel(R) Xeon(R) CPU E5-2640 v3 @ 2.60GHz,4194304,16,0.016793953,0.0168021
PI_SERIES,Intel(R) Xeon(R) CPU E5-2640 v3 @ 2.60GHz,8388608,16,0.031704466,0.031712738
PI_SERIES,Intel(R) Xeon(R) CPU E5-2640 v3 @ 2.60GHz,16777216,16,0.057023477,0.057031743
PI_SERIES,Intel(R) Xeon(R) CPU E5-2640 v3 @ 2.60GHz,33554432,16,0.12680438,0.126812526
PI_SERIES,Intel(R) Xeon(R) CPU E5-2640 v3 @ 2.60GHz,67108864,16,0.281177439,0.2811856
PI_SERIES,Intel(R) Xeon(R) CPU E5-2640 v3 @ 2.60GHz,134217728,16,0.620718388,0.620726527
PI_SERIES,Intel(R) Xeon(R) CPU E5-2640 v3 @ 2.60GHz,268435456,16,0.834017856,0.834026174
