PROB_NAME,MACHINE,PROB_SIZE,NUMBER_CORES,ALG_TIME,TOTAL_TIME
MERGE_SORT,Intel(R) Core(TM) i5-4590 CPU @ 3.30GHz,8,0,0.0000043195,0.000030757
MERGE_SORT,Intel(R) Core(TM) i5-4590 CPU @ 3.30GHz,16,0,0.000005431,0.000031491
MERGE_SORT,Intel(R) Core(TM) i5-4590 CPU @ 3.30GHz,32,0,0.0000083005,0.00003438
MERGE_SORT,Intel(R) Core(TM) i5-4590 CPU @ 3.30GHz,64,0,0.000015803,0.0000423475
MERGE_SORT,Intel(R) Core(TM) i5-4590 CPU @ 3.30GHz,128,0,0.0000314795,0.0000584595
MERGE_SORT,Intel(R) Core(TM) i5-4590 CPU @ 3.30GHz,256,0,0.000062985,0.0000891415
MERGE_SORT,Intel(R) Core(TM) i5-4590 CPU @ 3.30GHz,512,0,0.0001331625,0.000159659
MERGE_SORT,Intel(R) Core(TM) i5-4590 CPU @ 3.30GHz,1024,0,0.000265005,0.0002939075
MERGE_SORT,Intel(R) Core(TM) i5-4590 CPU @ 3.30GHz,2048,0,0.000564952,0.0005906345
MERGE_SORT,Intel(R) Core(TM) i5-4590 CPU @ 3.30GHz,4096,0,0.001142921,0.0011680005
MERGE_SORT,Intel(R) Core(TM) i5-4590 CPU @ 3.30GHz,8192,0,0.0023919335,0.002417038
MERGE_SORT,Intel(R) Core(TM) i5-4590 CPU @ 3.30GHz,16384,0,0.004948337,0.0049724275
MERGE_SORT,Intel(R) Core(TM) i5-4590 CPU @ 3.30GHz,32768,0,0.0101945115,0.0102193045
MERGE_SORT,Intel(R) Core(TM) i5-4590 CPU @ 3.30GHz,65536,0,0.0204259705,0.020453227
MERGE_SORT,Intel(R) Core(TM) i5-4590 CPU @ 3.30GHz,131072,0,0.0402888705,0.0403118195
MERGE_SORT,Intel(R) Core(TM) i5-4590 CPU @ 3.30GHz,262144,0,0.0780727325,0.0780954845
MERGE_SORT,Intel(R) Core(TM) i5-4590 CPU @ 3.30GHz,524288,0,0.162308396,0.1623310405
MERGE_SORT,Intel(R) Core(TM) i5-4590 CPU @ 3.30GHz,8,2,0.000062834,0.0000718065
MERGE_SORT,Intel(R) Core(TM) i5-4590 CPU @ 3.30GHz,16,2,0.000060203,0.000068717
MERGE_SORT,Intel(R) Core(TM) i5-4590 CPU @ 3.30GHz,32,2,0.000055174,0.0000637225
MERGE_SORT,Intel(R) Core(TM) i5-4590 CPU @ 3.30GHz,64,2,0.0000625375,0.0000713685
MERGE_SORT,Intel(R) Core(TM) i5-4590 CPU @ 3.30GHz,128,2,0.000065274,0.000074342
MERGE_SORT,Intel(R) Core(TM) i5-4590 CPU @ 3.30GHz,256,2,0.000094868,0.0001054655
MERGE_SORT,Intel(R) Core(TM) i5-4590 CPU @ 3.30GHz,512,2,0.000108421,0.0001208475
MERGE_SORT,Intel(R) Core(TM) i5-4590 CPU @ 3.30GHz,1024,2,0.000133284,0.000148078
MERGE_SORT,Intel(R) Core(TM) i5-4590 CPU @ 3.30GHz,2048,2,0.0001948675,0.0002139545
MERGE_SORT,Intel(R) Core(TM) i5-4590 CPU @ 3.30GHz,4096,2,0.0003083915,0.0003376765
MERGE_SORT,Intel(R) Core(TM) i5-4590 CPU @ 3.30GHz,8192,2,0.0005527035,0.0006038085
MERGE_SORT,Intel(R) Core(TM) i5-4590 CPU @ 3.30GHz,16384,2,0.0010291435,0.001124975
MERGE_SORT,Intel(R) Core(TM) i5-4590 CPU @ 3.30GHz,32768,2,0.0019783535,0.002154773
MERGE_SORT,Intel(R) Core(TM) i5-4590 CPU @ 3.30GHz,65536,2,0.00396131,0.0043052865
MERGE_SORT,Intel(R) Core(TM) i5-4590 CPU @ 3.30GHz,131072,2,0.0079437585,0.0086251285
MERGE_SORT,Intel(R) Core(TM) i5-4590 CPU @ 3.30GHz,262144,2,0.0157725095,0.0171835555
MERGE_SORT,Intel(R) Core(TM) i5-4590 CPU @ 3.30GHz,524288,2,0.032283155,0.0349834455
MERGE_SORT,Intel(R) Core(TM) i5-4590 CPU @ 3.30GHz,8,4,0.0001052145,0.000113956
MERGE_SORT,Intel(R) Core(TM) i5-4590 CPU @ 3.30GHz,16,4,0.000092598,0.000101217
MERGE_SORT,Intel(R) Core(TM) i5-4590 CPU @ 3.30GHz,32,4,0.0000943615,0.0001031505
MERGE_SORT,Intel(R) Core(TM) i5-4590 CPU @ 3.30GHz,64,4,0.0000920495,0.000100924
MERGE_SORT,Intel(R) Core(TM) i5-4590 CPU @ 3.30GHz,128,4,0.0001236635,0.0001327605
MERGE_SORT,Intel(R) Core(TM) i5-4590 CPU @ 3.30GHz,256,4,0.0001685085,0.000179072
MERGE_SORT,Intel(R) Core(TM) i5-4590 CPU @ 3.30GHz,512,4,0.000178022,0.00019057
MERGE_SORT,Intel(R) Core(TM) i5-4590 CPU @ 3.30GHz,1024,4,0.0005107585,0.0005257835
MERGE_SORT,Intel(R) Core(TM) i5-4590 CPU @ 3.30GHz,2048,4,0.000250124,0.0002691595
MERGE_SORT,Intel(R) Core(TM) i5-4590 CPU @ 3.30GHz,4096,4,0.0003260805,0.0003541675
MERGE_SORT,Intel(R) Core(TM) i5-4590 CPU @ 3.30GHz,8192,4,0.0007202765,0.0007686005
MERGE_SORT,Intel(R) Core(TM) i5-4590 CPU @ 3.30GHz,16384,4,0.000913021,0.0010096055
MERGE_SORT,Intel(R) Core(TM) i5-4590 CPU @ 3.30GHz,32768,4,0.0017706615,0.001940845
MERGE_SORT,Intel(R) Core(TM) i5-4590 CPU @ 3.30GHz,65536,4,0.003961378,0.004308717
MERGE_SORT,Intel(R) Core(TM) i5-4590 CPU @ 3.30GHz,131072,4,0.006974944,0.007704913
MERGE_SORT,Intel(R) Core(TM) i5-4590 CPU @ 3.30GHz,262144,4,0.0127537035,0.014087953
MERGE_SORT,Intel(R) Core(TM) i5-4590 CPU @ 3.30GHz,524288,4,0.026283501,0.02879996
MERGE_SORT,Intel(R) Xeon(R) CPU E5-2640 v3 @ 2.60GHz,4,0,0.000003584,0.000085905
MERGE_SORT,Intel(R) Xeon(R) CPU E5-2640 v3 @ 2.60GHz,8,0,0.0000047,0.000086977
MERGE_SORT,Intel(R) Xeon(R) CPU E5-2640 v3 @ 2.60GHz,16,0,0.000007835,0.000088635
MERGE_SORT,Intel(R) Xeon(R) CPU E5-2640 v3 @ 2.60GHz,32,0,0.000012544,0.000089795
MERGE_SORT,Intel(R) Xeon(R) CPU E5-2640 v3 @ 2.60GHz,64,0,0.000024882,0.000101404
MERGE_SORT,Intel(R) Xeon(R) CPU E5-2640 v3 @ 2.60GHz,128,0,0.000050614,0.000126233
MERGE_SORT,Intel(R) Xeon(R) CPU E5-2640 v3 @ 2.60GHz,256,0,0.000105135,0.000183344
MERGE_SORT,Intel(R) Xeon(R) CPU E5-2640 v3 @ 2.60GHz,512,0,0.000218307,0.00029654
MERGE_SORT,Intel(R) Xeon(R) CPU E5-2640 v3 @ 2.60GHz,1024,0,0.000466572,0.00054261
MERGE_SORT,Intel(R) Xeon(R) CPU E5-2640 v3 @ 2.60GHz,2048,0,0.000989135,0.001065603
MERGE_SORT,Intel(R) Xeon(R) CPU E5-2640 v3 @ 2.60GHz,4096,0,0.002068822,0.00214511
MERGE_SORT,Intel(R) Xeon(R) CPU E5-2640 v3 @ 2.60GHz,8192,0,0.004170402,0.004242858
MERGE_SORT,Intel(R) Xeon(R) CPU E5-2640 v3 @ 2.60GHz,16384,0,0.008336736,0.008408813
MERGE_SORT,Intel(R) Xeon(R) CPU E5-2640 v3 @ 2.60GHz,32768,0,0.016003762,0.016067566
MERGE_SORT,Intel(R) Xeon(R) CPU E5-2640 v3 @ 2.60GHz,65536,0,0.029397341,0.02945742
MERGE_SORT,Intel(R) Xeon(R) CPU E5-2640 v3 @ 2.60GHz,131072,0,0.048682382,0.048732448
MERGE_SORT,Intel(R) Xeon(R) CPU E5-2640 v3 @ 2.60GHz,262144,0,0.082250428,0.082284875
MERGE_SORT,Intel(R) Xeon(R) CPU E5-2640 v3 @ 2.60GHz,524288,0,0.172273439,0.172307383
MERGE_SORT,Intel(R) Xeon(R) CPU E5-2640 v3 @ 2.60GHz,4,2,0.00003425,0.000067382
MERGE_SORT,Intel(R) Xeon(R) CPU E5-2640 v3 @ 2.60GHz,8,2,0.000046359,0.000079237
MERGE_SORT,Intel(R) Xeon(R) CPU E5-2640 v3 @ 2.60GHz,16,2,0.000078609,0.000140508
MERGE_SORT,Intel(R) Xeon(R) CPU E5-2640 v3 @ 2.60GHz,32,2,0.00009118,0.000181547
MERGE_SORT,Intel(R) Xeon(R) CPU E5-2640 v3 @ 2.60GHz,64,2,0.000087525,0.000156858
MERGE_SORT,Intel(R) Xeon(R) CPU E5-2640 v3 @ 2.60GHz,128,2,0.000093153,0.000170768
MERGE_SORT,Intel(R) Xeon(R) CPU E5-2640 v3 @ 2.60GHz,256,2,0.000144275,0.000215687
MERGE_SORT,Intel(R) Xeon(R) CPU E5-2640 v3 @ 2.60GHz,512,2,0.000177408,0.0002516
MERGE_SORT,Intel(R) Xeon(R) CPU E5-2640 v3 @ 2.60GHz,1024,2,0.000204338,0.000283528
MERGE_SORT,Intel(R) Xeon(R) CPU E5-2640 v3 @ 2.60GHz,2048,2,0.000306118,0.000393456
MERGE_SORT,Intel(R) Xeon(R) CPU E5-2640 v3 @ 2.60GHz,4096,2,0.000505925,0.000612853
MERGE_SORT,Intel(R) Xeon(R) CPU E5-2640 v3 @ 2.60GHz,8192,2,0.000899464,0.001055928
MERGE_SORT,Intel(R) Xeon(R) CPU E5-2640 v3 @ 2.60GHz,16384,2,0.001651701,0.001856952
MERGE_SORT,Intel(R) Xeon(R) CPU E5-2640 v3 @ 2.60GHz,32768,2,0.003196706,0.003548931
MERGE_SORT,Intel(R) Xeon(R) CPU E5-2640 v3 @ 2.60GHz,65536,2,0.006139054,0.006734892
MERGE_SORT,Intel(R) Xeon(R) CPU E5-2640 v3 @ 2.60GHz,131072,2,0.011886177,0.012961072
MERGE_SORT,Intel(R) Xeon(R) CPU E5-2640 v3 @ 2.60GHz,262144,2,0.02186384,0.023836521
MERGE_SORT,Intel(R) Xeon(R) CPU E5-2640 v3 @ 2.60GHz,524288,2,0.038774143,0.042066095
MERGE_SORT,Intel(R) Xeon(R) CPU E5-2640 v3 @ 2.60GHz,4,4,0.000096823,0.000131627
MERGE_SORT,Intel(R) Xeon(R) CPU E5-2640 v3 @ 2.60GHz,8,4,0.000061879,0.000094442
MERGE_SORT,Intel(R) Xeon(R) CPU E5-2640 v3 @ 2.60GHz,16,4,0.00006526,0.000098517
MERGE_SORT,Intel(R) Xeon(R) CPU E5-2640 v3 @ 2.60GHz,32,4,0.000068081,0.000101281
MERGE_SORT,Intel(R) Xeon(R) CPU E5-2640 v3 @ 2.60GHz,64,4,0.000069501,0.000102741
MERGE_SORT,Intel(R) Xeon(R) CPU E5-2640 v3 @ 2.60GHz,128,4,0.0000967,0.000130219
MERGE_SORT,Intel(R) Xeon(R) CPU E5-2640 v3 @ 2.60GHz,256,4,0.000127604,0.000162137
MERGE_SORT,Intel(R) Xeon(R) CPU E5-2640 v3 @ 2.60GHz,512,4,0.000163169,0.000198733
MERGE_SORT,Intel(R) Xeon(R) CPU E5-2640 v3 @ 2.60GHz,1024,4,0.000182841,0.000220475
MERGE_SORT,Intel(R) Xeon(R) CPU E5-2640 v3 @ 2.60GHz,2048,4,0.000208761,0.000251331
MERGE_SORT,Intel(R) Xeon(R) CPU E5-2640 v3 @ 2.60GHz,4096,4,0.00033923,0.000390428
MERGE_SORT,Intel(R) Xeon(R) CPU E5-2640 v3 @ 2.60GHz,8192,4,0.000755914,0.000905156
MERGE_SORT,Intel(R) Xeon(R) CPU E5-2640 v3 @ 2.60GHz,16384,4,0.001025086,0.0011738
MERGE_SORT,Intel(R) Xeon(R) CPU E5-2640 v3 @ 2.60GHz,32768,4,0.002526966,0.002705706
MERGE_SORT,Intel(R) Xeon(R) CPU E5-2640 v3 @ 2.60GHz,65536,4,0.004436037,0.0047661
MERGE_SORT,Intel(R) Xeon(R) CPU E5-2640 v3 @ 2.60GHz,131072,4,0.009180736,0.009918384
MERGE_SORT,Intel(R) Xeon(R) CPU E5-2640 v3 @ 2.60GHz,262144,4,0.014413398,0.015645323
MERGE_SORT,Intel(R) Xeon(R) CPU E5-2640 v3 @ 2.60GHz,524288,4,0.030904166,0.03313555
MERGE_SORT,Intel(R) Xeon(R) CPU E5-2640 v3 @ 2.60GHz,4,8,0.000119375,0.000151687
MERGE_SORT,Intel(R) Xeon(R) CPU E5-2640 v3 @ 2.60GHz,8,8,0.000144373,0.000177065
MERGE_SORT,Intel(R) Xeon(R) CPU E5-2640 v3 @ 2.60GHz,16,8,0.000131438,0.000164573
MERGE_SORT,Intel(R) Xeon(R) CPU E5-2640 v3 @ 2.60GHz,32,8,0.000126275,0.000159113
MERGE_SORT,Intel(R) Xeon(R) CPU E5-2640 v3 @ 2.60GHz,64,8,0.000124783,0.000157535
MERGE_SORT,Intel(R) Xeon(R) CPU E5-2640 v3 @ 2.60GHz,128,8,0.000163837,0.000197588
MERGE_SORT,Intel(R) Xeon(R) CPU E5-2640 v3 @ 2.60GHz,256,8,0.000238605,0.000273082
MERGE_SORT,Intel(R) Xeon(R) CPU E5-2640 v3 @ 2.60GHz,512,8,0.000263932,0.000299376
MERGE_SORT,Intel(R) Xeon(R) CPU E5-2640 v3 @ 2.60GHz,1024,8,0.000282245,0.000320325
MERGE_SORT,Intel(R) Xeon(R) CPU E5-2640 v3 @ 2.60GHz,2048,8,0.000285645,0.000330278
MERGE_SORT,Intel(R) Xeon(R) CPU E5-2640 v3 @ 2.60GHz,4096,8,0.000392573,0.000451403
MERGE_SORT,Intel(R) Xeon(R) CPU E5-2640 v3 @ 2.60GHz,8192,8,0.000503571,0.000586599
MERGE_SORT,Intel(R) Xeon(R) CPU E5-2640 v3 @ 2.60GHz,16384,8,0.00083733,0.000960057
MERGE_SORT,Intel(R) Xeon(R) CPU E5-2640 v3 @ 2.60GHz,32768,8,0.001542261,0.001739626
MERGE_SORT,Intel(R) Xeon(R) CPU E5-2640 v3 @ 2.60GHz,65536,8,0.0030184,0.00338802
MERGE_SORT,Intel(R) Xeon(R) CPU E5-2640 v3 @ 2.60GHz,131072,8,0.006001267,0.006700377
MERGE_SORT,Intel(R) Xeon(R) CPU E5-2640 v3 @ 2.60GHz,262144,8,0.011192982,0.012499863
MERGE_SORT,Intel(R) Xeon(R) CPU E5-2640 v3 @ 2.60GHz,524288,8,0.020035674,0.022343998
MERGE_SORT,Intel(R) Xeon(R) CPU E5-2640 v3 @ 2.60GHz,4,12,0.000191478,0.000224319
MERGE_SORT,Intel(R) Xeon(R) CPU E5-2640 v3 @ 2.60GHz,8,12,0.000199687,0.000232478
MERGE_SORT,Intel(R) Xeon(R) CPU E5-2640 v3 @ 2.60GHz,16,12,0.000196365,0.000231354
MERGE_SORT,Intel(R) Xeon(R) CPU E5-2640 v3 @ 2.60GHz,32,12,0.000198584,0.000233718
MERGE_SORT,Intel(R) Xeon(R) CPU E5-2640 v3 @ 2.60GHz,64,12,0.00018889,0.000222079
MERGE_SORT,Intel(R) Xeon(R) CPU E5-2640 v3 @ 2.60GHz,128,12,0.000214364,0.000247902
MERGE_SORT,Intel(R) Xeon(R) CPU E5-2640 v3 @ 2.60GHz,256,12,0.000266117,0.000300703
MERGE_SORT,Intel(R) Xeon(R) CPU E5-2640 v3 @ 2.60GHz,512,12,0.000302918,0.000340738
MERGE_SORT,Intel(R) Xeon(R) CPU E5-2640 v3 @ 2.60GHz,1024,12,0.000420151,0.000460234
MERGE_SORT,Intel(R) Xeon(R) CPU E5-2640 v3 @ 2.60GHz,2048,12,0.000418411,0.000464669
MERGE_SORT,Intel(R) Xeon(R) CPU E5-2640 v3 @ 2.60GHz,4096,12,0.000444177,0.000522732
MERGE_SORT,Intel(R) Xeon(R) CPU E5-2640 v3 @ 2.60GHz,8192,12,0.000711252,0.00079031
MERGE_SORT,Intel(R) Xeon(R) CPU E5-2640 v3 @ 2.60GHz,16384,12,0.001207399,0.001331669
MERGE_SORT,Intel(R) Xeon(R) CPU E5-2640 v3 @ 2.60GHz,32768,12,0.001941634,0.002155737
MERGE_SORT,Intel(R) Xeon(R) CPU E5-2640 v3 @ 2.60GHz,65536,12,0.00314589,0.003543278
MERGE_SORT,Intel(R) Xeon(R) CPU E5-2640 v3 @ 2.60GHz,131072,12,0.007579494,0.008360344
MERGE_SORT,Intel(R) Xeon(R) CPU E5-2640 v3 @ 2.60GHz,262144,12,0.011176429,0.012541873
MERGE_SORT,Intel(R) Xeon(R) CPU E5-2640 v3 @ 2.60GHz,524288,12,0.026575506,0.028890469
MERGE_SORT,Intel(R) Xeon(R) CPU E5-2640 v3 @ 2.60GHz,4,16,0.003174273,0.003207369
MERGE_SORT,Intel(R) Xeon(R) CPU E5-2640 v3 @ 2.60GHz,8,16,0.003195483,0.003231514
MERGE_SORT,Intel(R) Xeon(R) CPU E5-2640 v3 @ 2.60GHz,16,16,0.003183465,0.003220045
MERGE_SORT,Intel(R) Xeon(R) CPU E5-2640 v3 @ 2.60GHz,32,16,0.003183359,0.00321645
MERGE_SORT,Intel(R) Xeon(R) CPU E5-2640 v3 @ 2.60GHz,64,16,0.003126648,0.003166596
MERGE_SORT,Intel(R) Xeon(R) CPU E5-2640 v3 @ 2.60GHz,128,16,0.003225948,0.003261659
MERGE_SORT,Intel(R) Xeon(R) CPU E5-2640 v3 @ 2.60GHz,256,16,0.003229027,0.003263743
MERGE_SORT,Intel(R) Xeon(R) CPU E5-2640 v3 @ 2.60GHz,512,16,0.004409742,0.004450235
MERGE_SORT,Intel(R) Xeon(R) CPU E5-2640 v3 @ 2.60GHz,1024,16,0.003402671,0.003449
MERGE_SORT,Intel(R) Xeon(R) CPU E5-2640 v3 @ 2.60GHz,2048,16,0.003545988,0.00359448
MERGE_SORT,Intel(R) Xeon(R) CPU E5-2640 v3 @ 2.60GHz,4096,16,0.004952525,0.005012511
MERGE_SORT,Intel(R) Xeon(R) CPU E5-2640 v3 @ 2.60GHz,8192,16,0.004037697,0.004122044
MERGE_SORT,Intel(R) Xeon(R) CPU E5-2640 v3 @ 2.60GHz,16384,16,0.005197341,0.005323576
MERGE_SORT,Intel(R) Xeon(R) CPU E5-2640 v3 @ 2.60GHz,32768,16,0.006767817,0.006961401
MERGE_SORT,Intel(R) Xeon(R) CPU E5-2640 v3 @ 2.60GHz,65536,16,0.009359191,0.009718675
MERGE_SORT,Intel(R) Xeon(R) CPU E5-2640 v3 @ 2.60GHz,131072,16,0.010178696,0.010802643
MERGE_SORT,Intel(R) Xeon(R) CPU E5-2640 v3 @ 2.60GHz,262144,16,0.018385407,0.019610104
MERGE_SORT,Intel(R) Xeon(R) CPU E5-2640 v3 @ 2.60GHz,524288,16,0.036844738,0.039254226
