PROB_NAME,MACHINE,PROB_SIZE,NUMBER_CORES,ALG_TIME,TOTAL_TIME
PI_TRAPEZOIDAL,Intel(R) Xeon(R) CPU E5-2620 v3 @ 2.40GHz,4,0,7.152e-07,4.7396e-05
PI_TRAPEZOIDAL,Intel(R) Xeon(R) CPU E5-2620 v3 @ 2.40GHz,8,0,4.131e-06,4.896239999999999e-05
PI_TRAPEZOIDAL,Intel(R) Xeon(R) CPU E5-2620 v3 @ 2.40GHz,16,0,3.0931599999999994e-05,8.03396e-05
PI_TRAPEZOIDAL,Intel(R) Xeon(R) CPU E5-2620 v3 @ 2.40GHz,32,0,0.00024204539999999998,0.0003079436
PI_TRAPEZOIDAL,Intel(R) Xeon(R) CPU E5-2620 v3 @ 2.40GHz,64,0,0.002028007,0.0021376221999999997
PI_TRAPEZOIDAL,Intel(R) Xeon(R) CPU E5-2620 v3 @ 2.40GHz,128,0,0.017091101199999997,0.0173794024
PI_TRAPEZOIDAL,Intel(R) Xeon(R) CPU E5-2620 v3 @ 2.40GHz,256,0,0.13177295240000003,0.1328248528
PI_TRAPEZOIDAL,Intel(R) Xeon(R) CPU E5-2620 v3 @ 2.40GHz,512,0,0.7768599208,0.7823575643999999
PI_TRAPEZOIDAL,Intel(R) Xeon(R) CPU E5-2620 v3 @ 2.40GHz,1024,0,5.600296522199999,5.616662645
PI_TRAPEZOIDAL,Intel(R) Xeon(R) CPU E5-2620 v3 @ 2.40GHz,2048,0,49.5931345308,49.6558396218
PI_TRAPEZOIDAL,Intel(R) Xeon(R) CPU E5-2620 v3 @ 2.40GHz,4,4,0.00011672100000000001,0.000169602
PI_TRAPEZOIDAL,Intel(R) Xeon(R) CPU E5-2620 v3 @ 2.40GHz,8,4,0.00010587159999999999,0.000151681
PI_TRAPEZOIDAL,Intel(R) Xeon(R) CPU E5-2620 v3 @ 2.40GHz,16,4,0.0001089684,0.0001574058
PI_TRAPEZOIDAL,Intel(R) Xeon(R) CPU E5-2620 v3 @ 2.40GHz,32,4,0.0001684422,0.00022884439999999997
PI_TRAPEZOIDAL,Intel(R) Xeon(R) CPU E5-2620 v3 @ 2.40GHz,64,4,0.0006440524,0.0007401654
PI_TRAPEZOIDAL,Intel(R) Xeon(R) CPU E5-2620 v3 @ 2.40GHz,128,4,0.0040766404,0.0043631396000000005
PI_TRAPEZOIDAL,Intel(R) Xeon(R) CPU E5-2620 v3 @ 2.40GHz,256,4,0.029987358800000002,0.030954653
PI_TRAPEZOIDAL,Intel(R) Xeon(R) CPU E5-2620 v3 @ 2.40GHz,512,4,0.21442538400000002,0.21857368519999998
PI_TRAPEZOIDAL,Intel(R) Xeon(R) CPU E5-2620 v3 @ 2.40GHz,1024,4,1.7035737703999998,1.8962334988000003
PI_TRAPEZOIDAL,Intel(R) Xeon(R) CPU E5-2620 v3 @ 2.40GHz,2048,4,14.8856924494,14.981416283800002
PI_TRAPEZOIDAL,Intel(R) Xeon(R) CPU E5-2620 v3 @ 2.40GHz,4,8,0.0028097319999999997,0.0028544804
PI_TRAPEZOIDAL,Intel(R) Xeon(R) CPU E5-2620 v3 @ 2.40GHz,8,8,0.004821132399999999,0.0048738804
PI_TRAPEZOIDAL,Intel(R) Xeon(R) CPU E5-2620 v3 @ 2.40GHz,16,8,0.0050266528,0.0050716436
PI_TRAPEZOIDAL,Intel(R) Xeon(R) CPU E5-2620 v3 @ 2.40GHz,32,8,0.0050619132,0.0051296174
PI_TRAPEZOIDAL,Intel(R) Xeon(R) CPU E5-2620 v3 @ 2.40GHz,64,8,0.0037419510000000003,0.0038391868000000008
PI_TRAPEZOIDAL,Intel(R) Xeon(R) CPU E5-2620 v3 @ 2.40GHz,128,8,0.0068994648,0.007214525599999999
PI_TRAPEZOIDAL,Intel(R) Xeon(R) CPU E5-2620 v3 @ 2.40GHz,256,8,0.0289282514,0.029913858199999997
PI_TRAPEZOIDAL,Intel(R) Xeon(R) CPU E5-2620 v3 @ 2.40GHz,512,8,0.15238536760000002,0.1567838292
PI_TRAPEZOIDAL,Intel(R) Xeon(R) CPU E5-2620 v3 @ 2.40GHz,1024,8,0.9650364741999999,0.9797898966
PI_TRAPEZOIDAL,Intel(R) Xeon(R) CPU E5-2620 v3 @ 2.40GHz,2048,8,7.2281704022,7.284787596799999
PI_TRAPEZOIDAL,Intel(R) Xeon(R) CPU E5-2620 v3 @ 2.40GHz,4,12,0.0002222614,0.0002637672
PI_TRAPEZOIDAL,Intel(R) Xeon(R) CPU E5-2620 v3 @ 2.40GHz,8,12,0.00036295780000000007,0.00040284479999999997
PI_TRAPEZOIDAL,Intel(R) Xeon(R) CPU E5-2620 v3 @ 2.40GHz,16,12,0.00020873419999999998,0.0002495614
PI_TRAPEZOIDAL,Intel(R) Xeon(R) CPU E5-2620 v3 @ 2.40GHz,32,12,0.00024305239999999998,0.00029441900000000003
PI_TRAPEZOIDAL,Intel(R) Xeon(R) CPU E5-2620 v3 @ 2.40GHz,64,12,0.00048095120000000004,0.0005664848
PI_TRAPEZOIDAL,Intel(R) Xeon(R) CPU E5-2620 v3 @ 2.40GHz,128,12,0.0019717857999999996,0.0022002283999999995
PI_TRAPEZOIDAL,Intel(R) Xeon(R) CPU E5-2620 v3 @ 2.40GHz,256,12,0.013691403,0.0145479612
PI_TRAPEZOIDAL,Intel(R) Xeon(R) CPU E5-2620 v3 @ 2.40GHz,512,12,0.0970178554,0.10060818419999999
PI_TRAPEZOIDAL,Intel(R) Xeon(R) CPU E5-2620 v3 @ 2.40GHz,1024,12,0.7713445785999999,0.7861050854
PI_TRAPEZOIDAL,Intel(R) Xeon(R) CPU E5-2620 v3 @ 2.40GHz,2048,12,6.956473412199999,7.035547816
PI_TRAPEZOIDAL,Intel(R) Xeon(R) CPU E5-2620 v3 @ 2.40GHz,4,16,0.0018156977999999996,0.0018628350000000002
PI_TRAPEZOIDAL,Intel(R) Xeon(R) CPU E5-2620 v3 @ 2.40GHz,8,16,0.0027546273999999996,0.0027983398
PI_TRAPEZOIDAL,Intel(R) Xeon(R) CPU E5-2620 v3 @ 2.40GHz,16,16,0.0012124724,0.0012594348
PI_TRAPEZOIDAL,Intel(R) Xeon(R) CPU E5-2620 v3 @ 2.40GHz,32,16,0.0045692024,0.004627079399999999
PI_TRAPEZOIDAL,Intel(R) Xeon(R) CPU E5-2620 v3 @ 2.40GHz,64,16,0.0052992074,0.005410135200000001
PI_TRAPEZOIDAL,Intel(R) Xeon(R) CPU E5-2620 v3 @ 2.40GHz,128,16,0.007112167,0.0074000962
PI_TRAPEZOIDAL,Intel(R) Xeon(R) CPU E5-2620 v3 @ 2.40GHz,256,16,0.021334885799999998,0.022310486999999997
PI_TRAPEZOIDAL,Intel(R) Xeon(R) CPU E5-2620 v3 @ 2.40GHz,512,16,0.1146670694,0.1187942058
PI_TRAPEZOIDAL,Intel(R) Xeon(R) CPU E5-2620 v3 @ 2.40GHz,1024,16,0.8335355512,0.8494940547999998
PI_TRAPEZOIDAL,Intel(R) Xeon(R) CPU E5-2620 v3 @ 2.40GHz,2048,16,5.913446933,5.981862951799999
