PROB_NAME,MACHINE,PROB_SIZE,NUMBER_CORES,ALG_TIME,TOTAL_TIME
PI_TRAPEZOIDAL,Intel(R) Xeon(R) CPU E5-2620 v3 @ 2.40GHz,8,0,1.5186e-06,4.83808e-05
PI_TRAPEZOIDAL,Intel(R) Xeon(R) CPU E5-2620 v3 @ 2.40GHz,16,0,2.6368e-06,5.0649600000000004e-05
PI_TRAPEZOIDAL,Intel(R) Xeon(R) CPU E5-2620 v3 @ 2.40GHz,32,0,5.1266e-06,5.184639999999999e-05
PI_TRAPEZOIDAL,Intel(R) Xeon(R) CPU E5-2620 v3 @ 2.40GHz,64,0,1.09642e-05,5.6444800000000005e-05
PI_TRAPEZOIDAL,Intel(R) Xeon(R) CPU E5-2620 v3 @ 2.40GHz,128,0,2.47748e-05,6.977180000000001e-05
PI_TRAPEZOIDAL,Intel(R) Xeon(R) CPU E5-2620 v3 @ 2.40GHz,256,0,4.66756e-05,9.75852e-05
PI_TRAPEZOIDAL,Intel(R) Xeon(R) CPU E5-2620 v3 @ 2.40GHz,512,0,0.00010064620000000001,0.000152403
PI_TRAPEZOIDAL,Intel(R) Xeon(R) CPU E5-2620 v3 @ 2.40GHz,1024,0,0.000233321,0.0002959598
PI_TRAPEZOIDAL,Intel(R) Xeon(R) CPU E5-2620 v3 @ 2.40GHz,2048,0,0.0004671536,0.0005408076
PI_TRAPEZOIDAL,Intel(R) Xeon(R) CPU E5-2620 v3 @ 2.40GHz,4096,0,0.0009881522,0.0010901034
PI_TRAPEZOIDAL,Intel(R) Xeon(R) CPU E5-2620 v3 @ 2.40GHz,8192,0,0.0020846886,0.0022519736
PI_TRAPEZOIDAL,Intel(R) Xeon(R) CPU E5-2620 v3 @ 2.40GHz,16384,0,0.0042923384,0.0045601888
PI_TRAPEZOIDAL,Intel(R) Xeon(R) CPU E5-2620 v3 @ 2.40GHz,32768,0,0.0087801874,0.0092330146
PI_TRAPEZOIDAL,Intel(R) Xeon(R) CPU E5-2620 v3 @ 2.40GHz,65536,0,0.017651328,0.018512289999999997
PI_TRAPEZOIDAL,Intel(R) Xeon(R) CPU E5-2620 v3 @ 2.40GHz,131072,0,0.0356488916,0.0372654234
PI_TRAPEZOIDAL,Intel(R) Xeon(R) CPU E5-2620 v3 @ 2.40GHz,262144,0,0.074988239,0.0783193912
PI_TRAPEZOIDAL,Intel(R) Xeon(R) CPU E5-2620 v3 @ 2.40GHz,524288,0,0.1549903228,0.1613674684
PI_TRAPEZOIDAL,Intel(R) Xeon(R) CPU E5-2620 v3 @ 2.40GHz,1048576,0,0.30273938980000004,0.314985164
PI_TRAPEZOIDAL,Intel(R) Xeon(R) CPU E5-2620 v3 @ 2.40GHz,2097152,0,0.6179363407999999,0.641047964
PI_TRAPEZOIDAL,Intel(R) Xeon(R) CPU E5-2620 v3 @ 2.40GHz,4194304,0,1.2721485287999998,1.3177606569999998
PI_TRAPEZOIDAL,Intel(R) Xeon(R) CPU E5-2620 v3 @ 2.40GHz,8,4,9.136980000000001e-05,0.000134917
PI_TRAPEZOIDAL,Intel(R) Xeon(R) CPU E5-2620 v3 @ 2.40GHz,16,4,8.83478e-05,0.00012918199999999998
PI_TRAPEZOIDAL,Intel(R) Xeon(R) CPU E5-2620 v3 @ 2.40GHz,32,4,0.0001423996,0.000186675
PI_TRAPEZOIDAL,Intel(R) Xeon(R) CPU E5-2620 v3 @ 2.40GHz,64,4,0.0001520788,0.0001935374
PI_TRAPEZOIDAL,Intel(R) Xeon(R) CPU E5-2620 v3 @ 2.40GHz,128,4,0.00015460299999999998,0.0001979522
PI_TRAPEZOIDAL,Intel(R) Xeon(R) CPU E5-2620 v3 @ 2.40GHz,256,4,0.00019207,0.00023762000000000002
PI_TRAPEZOIDAL,Intel(R) Xeon(R) CPU E5-2620 v3 @ 2.40GHz,512,4,0.0002584966,0.0003087306
PI_TRAPEZOIDAL,Intel(R) Xeon(R) CPU E5-2620 v3 @ 2.40GHz,1024,4,0.0003955244,0.00045100519999999994
PI_TRAPEZOIDAL,Intel(R) Xeon(R) CPU E5-2620 v3 @ 2.40GHz,2048,4,0.0006354702,0.0007009328000000001
PI_TRAPEZOIDAL,Intel(R) Xeon(R) CPU E5-2620 v3 @ 2.40GHz,4096,4,0.001180276,0.0012730746000000001
PI_TRAPEZOIDAL,Intel(R) Xeon(R) CPU E5-2620 v3 @ 2.40GHz,8192,4,0.0021295676,0.0022693296000000003
PI_TRAPEZOIDAL,Intel(R) Xeon(R) CPU E5-2620 v3 @ 2.40GHz,16384,4,0.004148407,0.0043875096
PI_TRAPEZOIDAL,Intel(R) Xeon(R) CPU E5-2620 v3 @ 2.40GHz,32768,4,0.005615359000000001,0.0060446892
PI_TRAPEZOIDAL,Intel(R) Xeon(R) CPU E5-2620 v3 @ 2.40GHz,65536,4,0.0123984862,0.013222810799999998
PI_TRAPEZOIDAL,Intel(R) Xeon(R) CPU E5-2620 v3 @ 2.40GHz,131072,4,0.030455740600000003,0.0321817864
PI_TRAPEZOIDAL,Intel(R) Xeon(R) CPU E5-2620 v3 @ 2.40GHz,262144,4,0.05576086919999999,0.0591118102
PI_TRAPEZOIDAL,Intel(R) Xeon(R) CPU E5-2620 v3 @ 2.40GHz,524288,4,0.11334027979999999,0.11977745739999998
PI_TRAPEZOIDAL,Intel(R) Xeon(R) CPU E5-2620 v3 @ 2.40GHz,1048576,4,0.24859602079999998,0.26045701320000003
PI_TRAPEZOIDAL,Intel(R) Xeon(R) CPU E5-2620 v3 @ 2.40GHz,2097152,4,0.44418589960000004,0.46737811659999995
PI_TRAPEZOIDAL,Intel(R) Xeon(R) CPU E5-2620 v3 @ 2.40GHz,4194304,4,0.8492455358000001,0.8957128435999999
PI_TRAPEZOIDAL,Intel(R) Xeon(R) CPU E5-2620 v3 @ 2.40GHz,8,8,0.0001657146,0.0002079862
PI_TRAPEZOIDAL,Intel(R) Xeon(R) CPU E5-2620 v3 @ 2.40GHz,16,8,0.00025638479999999996,0.000297357
PI_TRAPEZOIDAL,Intel(R) Xeon(R) CPU E5-2620 v3 @ 2.40GHz,32,8,0.00022237559999999999,0.0002636616
PI_TRAPEZOIDAL,Intel(R) Xeon(R) CPU E5-2620 v3 @ 2.40GHz,64,8,0.00027453359999999997,0.00032015200000000003
PI_TRAPEZOIDAL,Intel(R) Xeon(R) CPU E5-2620 v3 @ 2.40GHz,128,8,0.00030463,0.00035027560000000003
PI_TRAPEZOIDAL,Intel(R) Xeon(R) CPU E5-2620 v3 @ 2.40GHz,256,8,0.0003196096,0.0003735514
PI_TRAPEZOIDAL,Intel(R) Xeon(R) CPU E5-2620 v3 @ 2.40GHz,512,8,0.0004276078,0.0004904936
PI_TRAPEZOIDAL,Intel(R) Xeon(R) CPU E5-2620 v3 @ 2.40GHz,1024,8,0.0005666476,0.0006290414
PI_TRAPEZOIDAL,Intel(R) Xeon(R) CPU E5-2620 v3 @ 2.40GHz,2048,8,0.0008406459999999999,0.0009164762
PI_TRAPEZOIDAL,Intel(R) Xeon(R) CPU E5-2620 v3 @ 2.40GHz,4096,8,0.0017316894,0.001830857
PI_TRAPEZOIDAL,Intel(R) Xeon(R) CPU E5-2620 v3 @ 2.40GHz,8192,8,0.0031140802,0.0032662247999999997
PI_TRAPEZOIDAL,Intel(R) Xeon(R) CPU E5-2620 v3 @ 2.40GHz,16384,8,0.006411821200000001,0.0066581364
PI_TRAPEZOIDAL,Intel(R) Xeon(R) CPU E5-2620 v3 @ 2.40GHz,32768,8,0.011252644999999999,0.011733466599999999
PI_TRAPEZOIDAL,Intel(R) Xeon(R) CPU E5-2620 v3 @ 2.40GHz,65536,8,0.019955426000000002,0.020843241800000002
PI_TRAPEZOIDAL,Intel(R) Xeon(R) CPU E5-2620 v3 @ 2.40GHz,131072,8,0.041199878200000005,0.04278946360000001
PI_TRAPEZOIDAL,Intel(R) Xeon(R) CPU E5-2620 v3 @ 2.40GHz,262144,8,0.0850801964,0.08833099579999999
PI_TRAPEZOIDAL,Intel(R) Xeon(R) CPU E5-2620 v3 @ 2.40GHz,524288,8,0.16550834279999999,0.17163073459999997
PI_TRAPEZOIDAL,Intel(R) Xeon(R) CPU E5-2620 v3 @ 2.40GHz,1048576,8,0.32685860980000003,0.3387068002
PI_TRAPEZOIDAL,Intel(R) Xeon(R) CPU E5-2620 v3 @ 2.40GHz,2097152,8,0.6520606954,0.6755952292
PI_TRAPEZOIDAL,Intel(R) Xeon(R) CPU E5-2620 v3 @ 2.40GHz,4194304,8,1.4108186116,1.4575438267999998
PI_TRAPEZOIDAL,Intel(R) Xeon(R) CPU E5-2620 v3 @ 2.40GHz,8,12,0.0002302062,0.0002756642
PI_TRAPEZOIDAL,Intel(R) Xeon(R) CPU E5-2620 v3 @ 2.40GHz,16,12,0.0002464948,0.000287014
PI_TRAPEZOIDAL,Intel(R) Xeon(R) CPU E5-2620 v3 @ 2.40GHz,32,12,0.00029515179999999995,0.000342585
PI_TRAPEZOIDAL,Intel(R) Xeon(R) CPU E5-2620 v3 @ 2.40GHz,64,12,0.00033859600000000004,0.0003809984
PI_TRAPEZOIDAL,Intel(R) Xeon(R) CPU E5-2620 v3 @ 2.40GHz,128,12,0.0004442364,0.0004869274
PI_TRAPEZOIDAL,Intel(R) Xeon(R) CPU E5-2620 v3 @ 2.40GHz,256,12,0.000444635,0.0004971185999999999
PI_TRAPEZOIDAL,Intel(R) Xeon(R) CPU E5-2620 v3 @ 2.40GHz,512,12,0.00046549040000000007,0.0005249524
PI_TRAPEZOIDAL,Intel(R) Xeon(R) CPU E5-2620 v3 @ 2.40GHz,1024,12,0.0007268536000000001,0.0007901350000000002
PI_TRAPEZOIDAL,Intel(R) Xeon(R) CPU E5-2620 v3 @ 2.40GHz,2048,12,0.0011966178000000001,0.0012688571999999998
PI_TRAPEZOIDAL,Intel(R) Xeon(R) CPU E5-2620 v3 @ 2.40GHz,4096,12,0.0020518114,0.0021530276
PI_TRAPEZOIDAL,Intel(R) Xeon(R) CPU E5-2620 v3 @ 2.40GHz,8192,12,0.004462661200000001,0.0046289056
PI_TRAPEZOIDAL,Intel(R) Xeon(R) CPU E5-2620 v3 @ 2.40GHz,16384,12,0.0078576528,0.0081253384
PI_TRAPEZOIDAL,Intel(R) Xeon(R) CPU E5-2620 v3 @ 2.40GHz,32768,12,0.0129556214,0.0134395928
PI_TRAPEZOIDAL,Intel(R) Xeon(R) CPU E5-2620 v3 @ 2.40GHz,65536,12,0.0326709248,0.0335654586
PI_TRAPEZOIDAL,Intel(R) Xeon(R) CPU E5-2620 v3 @ 2.40GHz,131072,12,0.05345151720000001,0.0552406226
PI_TRAPEZOIDAL,Intel(R) Xeon(R) CPU E5-2620 v3 @ 2.40GHz,262144,12,0.1256073224,0.1288034272
PI_TRAPEZOIDAL,Intel(R) Xeon(R) CPU E5-2620 v3 @ 2.40GHz,524288,12,0.21852703,0.22474016759999998
PI_TRAPEZOIDAL,Intel(R) Xeon(R) CPU E5-2620 v3 @ 2.40GHz,1048576,12,0.48174768740000007,0.4936976599999999
PI_TRAPEZOIDAL,Intel(R) Xeon(R) CPU E5-2620 v3 @ 2.40GHz,2097152,12,0.9825740638000001,1.0061775923999998
PI_TRAPEZOIDAL,Intel(R) Xeon(R) CPU E5-2620 v3 @ 2.40GHz,4194304,12,1.7249625117999998,1.7716782801999997
PI_TRAPEZOIDAL,Intel(R) Xeon(R) CPU E5-2620 v3 @ 2.40GHz,8,16,0.0003226942,0.00036534180000000004
PI_TRAPEZOIDAL,Intel(R) Xeon(R) CPU E5-2620 v3 @ 2.40GHz,16,16,0.00028512100000000005,0.0003275078
PI_TRAPEZOIDAL,Intel(R) Xeon(R) CPU E5-2620 v3 @ 2.40GHz,32,16,0.0003533284,0.00039449039999999997
PI_TRAPEZOIDAL,Intel(R) Xeon(R) CPU E5-2620 v3 @ 2.40GHz,64,16,0.0004447984,0.00048651780000000006
PI_TRAPEZOIDAL,Intel(R) Xeon(R) CPU E5-2620 v3 @ 2.40GHz,128,16,0.0005428608,0.0005900717999999999
PI_TRAPEZOIDAL,Intel(R) Xeon(R) CPU E5-2620 v3 @ 2.40GHz,256,16,0.000581612,0.0006321126
PI_TRAPEZOIDAL,Intel(R) Xeon(R) CPU E5-2620 v3 @ 2.40GHz,512,16,0.0006107416000000001,0.0006651744000000001
PI_TRAPEZOIDAL,Intel(R) Xeon(R) CPU E5-2620 v3 @ 2.40GHz,1024,16,0.00076357,0.0008250772
PI_TRAPEZOIDAL,Intel(R) Xeon(R) CPU E5-2620 v3 @ 2.40GHz,2048,16,0.0012873962,0.0013691156
PI_TRAPEZOIDAL,Intel(R) Xeon(R) CPU E5-2620 v3 @ 2.40GHz,4096,16,0.0020097744,0.0021135373999999997
PI_TRAPEZOIDAL,Intel(R) Xeon(R) CPU E5-2620 v3 @ 2.40GHz,8192,16,0.003923074800000001,0.0040861472
PI_TRAPEZOIDAL,Intel(R) Xeon(R) CPU E5-2620 v3 @ 2.40GHz,16384,16,0.0080559802,0.008338384
PI_TRAPEZOIDAL,Intel(R) Xeon(R) CPU E5-2620 v3 @ 2.40GHz,32768,16,0.015117889199999998,0.015571970600000002
PI_TRAPEZOIDAL,Intel(R) Xeon(R) CPU E5-2620 v3 @ 2.40GHz,65536,16,0.031434736,0.0323482732
PI_TRAPEZOIDAL,Intel(R) Xeon(R) CPU E5-2620 v3 @ 2.40GHz,131072,16,0.064345636,0.066100472
PI_TRAPEZOIDAL,Intel(R) Xeon(R) CPU E5-2620 v3 @ 2.40GHz,262144,16,0.12873433899999998,0.1320741866
PI_TRAPEZOIDAL,Intel(R) Xeon(R) CPU E5-2620 v3 @ 2.40GHz,524288,16,0.2476330254,0.2538275094
PI_TRAPEZOIDAL,Intel(R) Xeon(R) CPU E5-2620 v3 @ 2.40GHz,1048576,16,0.5300297620000001,0.5419739226
PI_TRAPEZOIDAL,Intel(R) Xeon(R) CPU E5-2620 v3 @ 2.40GHz,2097152,16,1.0854037528,1.1087787333999999
PI_TRAPEZOIDAL,Intel(R) Xeon(R) CPU E5-2620 v3 @ 2.40GHz,4194304,16,2.1992606938000003,2.2458293454
