PROB_NAME,MACHINE,PROB_SIZE,NUMBER_CORES,ALG_TIME,TOTAL_TIME
PI_TRAPEZOIDAL,Intel(R) Xeon(R) CPU E5-2620 v3 @ 2.40GHz,4,0,6.858e-07,4.00192e-05
PI_TRAPEZOIDAL,Intel(R) Xeon(R) CPU E5-2620 v3 @ 2.40GHz,8,0,3.059e-06,4.6892e-05
PI_TRAPEZOIDAL,Intel(R) Xeon(R) CPU E5-2620 v3 @ 2.40GHz,16,0,2.29162e-05,7.09058e-05
PI_TRAPEZOIDAL,Intel(R) Xeon(R) CPU E5-2620 v3 @ 2.40GHz,32,0,0.0001650258,0.0002307608
PI_TRAPEZOIDAL,Intel(R) Xeon(R) CPU E5-2620 v3 @ 2.40GHz,64,0,0.0013160174,0.0014582032
PI_TRAPEZOIDAL,Intel(R) Xeon(R) CPU E5-2620 v3 @ 2.40GHz,128,0,0.0104909936,0.011006839600000002
PI_TRAPEZOIDAL,Intel(R) Xeon(R) CPU E5-2620 v3 @ 2.40GHz,256,0,0.0866651984,0.08944335039999998
PI_TRAPEZOIDAL,Intel(R) Xeon(R) CPU E5-2620 v3 @ 2.40GHz,512,0,0.6496462028,0.6613695042
PI_TRAPEZOIDAL,Intel(R) Xeon(R) CPU E5-2620 v3 @ 2.40GHz,1024,0,5.7051194948,5.7536632696
PI_TRAPEZOIDAL,Intel(R) Xeon(R) CPU E5-2620 v3 @ 2.40GHz,2048,0,43.966803217199995,44.4761188394
PI_TRAPEZOIDAL,Intel(R) Xeon(R) CPU E5-2620 v3 @ 2.40GHz,4,4,5.987999999999999e-06,0.0001382504
PI_TRAPEZOIDAL,Intel(R) Xeon(R) CPU E5-2620 v3 @ 2.40GHz,8,4,7.513999999999999e-06,0.00012758700000000002
PI_TRAPEZOIDAL,Intel(R) Xeon(R) CPU E5-2620 v3 @ 2.40GHz,16,4,1.6780000000000002e-05,0.0001495438
PI_TRAPEZOIDAL,Intel(R) Xeon(R) CPU E5-2620 v3 @ 2.40GHz,32,4,7.623479999999999e-05,0.00022191960000000002
PI_TRAPEZOIDAL,Intel(R) Xeon(R) CPU E5-2620 v3 @ 2.40GHz,64,4,0.0005413886,0.0007939745999999999
PI_TRAPEZOIDAL,Intel(R) Xeon(R) CPU E5-2620 v3 @ 2.40GHz,128,4,0.0042380326,0.004966023599999999
PI_TRAPEZOIDAL,Intel(R) Xeon(R) CPU E5-2620 v3 @ 2.40GHz,256,4,0.0328593262,0.035968888
PI_TRAPEZOIDAL,Intel(R) Xeon(R) CPU E5-2620 v3 @ 2.40GHz,512,4,0.2514170226,0.2648776196
PI_TRAPEZOIDAL,Intel(R) Xeon(R) CPU E5-2620 v3 @ 2.40GHz,1024,4,1.7840242748000001,1.8389350804000002
PI_TRAPEZOIDAL,Intel(R) Xeon(R) CPU E5-2620 v3 @ 2.40GHz,2048,4,15.3755960824,15.8892290356
PI_TRAPEZOIDAL,Intel(R) Xeon(R) CPU E5-2620 v3 @ 2.40GHz,4,8,9.3374e-06,0.000234293
PI_TRAPEZOIDAL,Intel(R) Xeon(R) CPU E5-2620 v3 @ 2.40GHz,8,8,1.0447e-05,0.0002114406
PI_TRAPEZOIDAL,Intel(R) Xeon(R) CPU E5-2620 v3 @ 2.40GHz,16,8,1.7893399999999997e-05,0.00023467420000000002
PI_TRAPEZOIDAL,Intel(R) Xeon(R) CPU E5-2620 v3 @ 2.40GHz,32,8,6.122340000000001e-05,0.00042603279999999996
PI_TRAPEZOIDAL,Intel(R) Xeon(R) CPU E5-2620 v3 @ 2.40GHz,64,8,0.00037860220000000003,0.0007357507999999999
PI_TRAPEZOIDAL,Intel(R) Xeon(R) CPU E5-2620 v3 @ 2.40GHz,128,8,0.0028840887999999998,0.0036473094000000006
PI_TRAPEZOIDAL,Intel(R) Xeon(R) CPU E5-2620 v3 @ 2.40GHz,256,8,0.021049382,0.0245456494
PI_TRAPEZOIDAL,Intel(R) Xeon(R) CPU E5-2620 v3 @ 2.40GHz,512,8,0.13936854699999998,0.1521759372
PI_TRAPEZOIDAL,Intel(R) Xeon(R) CPU E5-2620 v3 @ 2.40GHz,1024,8,1.1140427466000002,1.16851044
PI_TRAPEZOIDAL,Intel(R) Xeon(R) CPU E5-2620 v3 @ 2.40GHz,2048,8,8.160854964999999,8.688539714200001
PI_TRAPEZOIDAL,Intel(R) Xeon(R) CPU E5-2620 v3 @ 2.40GHz,4,12,0.0008169810000000002,0.0019962445999999997
PI_TRAPEZOIDAL,Intel(R) Xeon(R) CPU E5-2620 v3 @ 2.40GHz,8,12,0.00045628740000000007,0.0020051170000000003
PI_TRAPEZOIDAL,Intel(R) Xeon(R) CPU E5-2620 v3 @ 2.40GHz,16,12,0.00046424199999999986,0.0021732146
PI_TRAPEZOIDAL,Intel(R) Xeon(R) CPU E5-2620 v3 @ 2.40GHz,32,12,0.0009356106000000001,0.0020928286000000003
PI_TRAPEZOIDAL,Intel(R) Xeon(R) CPU E5-2620 v3 @ 2.40GHz,64,12,0.001187155,0.0024524352
PI_TRAPEZOIDAL,Intel(R) Xeon(R) CPU E5-2620 v3 @ 2.40GHz,128,12,0.0031879788000000004,0.0048592054
PI_TRAPEZOIDAL,Intel(R) Xeon(R) CPU E5-2620 v3 @ 2.40GHz,256,12,0.015863735,0.019888215199999996
PI_TRAPEZOIDAL,Intel(R) Xeon(R) CPU E5-2620 v3 @ 2.40GHz,512,12,0.1027663772,0.11513160520000001
PI_TRAPEZOIDAL,Intel(R) Xeon(R) CPU E5-2620 v3 @ 2.40GHz,1024,12,0.8312609673999999,0.8807028054
PI_TRAPEZOIDAL,Intel(R) Xeon(R) CPU E5-2620 v3 @ 2.40GHz,2048,12,7.2643713982,7.754939937800001
PI_TRAPEZOIDAL,Intel(R) Xeon(R) CPU E5-2620 v3 @ 2.40GHz,4,16,0.0008822226000000001,0.0020613986
PI_TRAPEZOIDAL,Intel(R) Xeon(R) CPU E5-2620 v3 @ 2.40GHz,8,16,0.001336245,0.0026517196
PI_TRAPEZOIDAL,Intel(R) Xeon(R) CPU E5-2620 v3 @ 2.40GHz,16,16,0.0013426902000000002,0.0021853004
PI_TRAPEZOIDAL,Intel(R) Xeon(R) CPU E5-2620 v3 @ 2.40GHz,32,16,0.0009304653999999999,0.0020797658
PI_TRAPEZOIDAL,Intel(R) Xeon(R) CPU E5-2620 v3 @ 2.40GHz,64,16,0.0011402842,0.002390925
PI_TRAPEZOIDAL,Intel(R) Xeon(R) CPU E5-2620 v3 @ 2.40GHz,128,16,0.0027575186000000002,0.004470621199999999
PI_TRAPEZOIDAL,Intel(R) Xeon(R) CPU E5-2620 v3 @ 2.40GHz,256,16,0.0160481234,0.020147315199999998
PI_TRAPEZOIDAL,Intel(R) Xeon(R) CPU E5-2620 v3 @ 2.40GHz,512,16,0.1042805574,0.1177430558
PI_TRAPEZOIDAL,Intel(R) Xeon(R) CPU E5-2620 v3 @ 2.40GHz,1024,16,0.8374955498000001,0.8898151402
PI_TRAPEZOIDAL,Intel(R) Xeon(R) CPU E5-2620 v3 @ 2.40GHz,2048,16,6.5433141834,7.047546876199999
