PROB_NAME,MACHINE,PROB_SIZE,NUMBER_CORES,ALG_TIME,TOTAL_TIME
PI_TRAPEZOIDAL,Intel(R) Xeon(R) CPU E5-2620 v3 @ 2.40GHz,4,0,1.0768e-06,5.6234600000000005e-05
PI_TRAPEZOIDAL,Intel(R) Xeon(R) CPU E5-2620 v3 @ 2.40GHz,8,0,4.9431999999999995e-06,6.0564600000000006e-05
PI_TRAPEZOIDAL,Intel(R) Xeon(R) CPU E5-2620 v3 @ 2.40GHz,16,0,3.5625e-05,0.0001001498
PI_TRAPEZOIDAL,Intel(R) Xeon(R) CPU E5-2620 v3 @ 2.40GHz,32,0,0.00028432939999999997,0.0003590636
PI_TRAPEZOIDAL,Intel(R) Xeon(R) CPU E5-2620 v3 @ 2.40GHz,64,0,0.0019566424,0.0020723615999999998
PI_TRAPEZOIDAL,Intel(R) Xeon(R) CPU E5-2620 v3 @ 2.40GHz,128,0,0.020036730999999995,0.020354179
PI_TRAPEZOIDAL,Intel(R) Xeon(R) CPU E5-2620 v3 @ 2.40GHz,256,0,0.16015090440000002,0.16125045040000002
PI_TRAPEZOIDAL,Intel(R) Xeon(R) CPU E5-2620 v3 @ 2.40GHz,512,0,1.1295885988,1.1381885268
PI_TRAPEZOIDAL,Intel(R) Xeon(R) CPU E5-2620 v3 @ 2.40GHz,1024,0,9.766311961400001,9.787728135
PI_TRAPEZOIDAL,Intel(R) Xeon(R) CPU E5-2620 v3 @ 2.40GHz,2048,0,86.66152828039999,86.7444187212
PI_TRAPEZOIDAL,Intel(R) Xeon(R) CPU E5-2620 v3 @ 2.40GHz,4,4,0.0044267346,0.0166809852
PI_TRAPEZOIDAL,Intel(R) Xeon(R) CPU E5-2620 v3 @ 2.40GHz,8,4,0.0044634634,0.017143771800000002
PI_TRAPEZOIDAL,Intel(R) Xeon(R) CPU E5-2620 v3 @ 2.40GHz,16,4,0.0050922392,0.0220913794
PI_TRAPEZOIDAL,Intel(R) Xeon(R) CPU E5-2620 v3 @ 2.40GHz,32,4,0.005067684,0.0210968128
PI_TRAPEZOIDAL,Intel(R) Xeon(R) CPU E5-2620 v3 @ 2.40GHz,64,4,0.0044805874,0.0179405574
PI_TRAPEZOIDAL,Intel(R) Xeon(R) CPU E5-2620 v3 @ 2.40GHz,128,4,0.009728563999999999,0.0210364686
PI_TRAPEZOIDAL,Intel(R) Xeon(R) CPU E5-2620 v3 @ 2.40GHz,256,4,0.054679195199999996,0.0684466474
PI_TRAPEZOIDAL,Intel(R) Xeon(R) CPU E5-2620 v3 @ 2.40GHz,512,4,0.422458688,0.4391099604
PI_TRAPEZOIDAL,Intel(R) Xeon(R) CPU E5-2620 v3 @ 2.40GHz,1024,4,2.8527946926000003,2.873589265
PI_TRAPEZOIDAL,Intel(R) Xeon(R) CPU E5-2620 v3 @ 2.40GHz,2048,4,28.4774082534,28.5117289126
PI_TRAPEZOIDAL,Intel(R) Xeon(R) CPU E5-2620 v3 @ 2.40GHz,4,8,0.0110490266,0.0335573906
PI_TRAPEZOIDAL,Intel(R) Xeon(R) CPU E5-2620 v3 @ 2.40GHz,8,8,0.009004269200000001,0.0354132474
PI_TRAPEZOIDAL,Intel(R) Xeon(R) CPU E5-2620 v3 @ 2.40GHz,16,8,0.009955768600000001,0.0325603628
PI_TRAPEZOIDAL,Intel(R) Xeon(R) CPU E5-2620 v3 @ 2.40GHz,32,8,0.0060678716,0.0318498898
PI_TRAPEZOIDAL,Intel(R) Xeon(R) CPU E5-2620 v3 @ 2.40GHz,64,8,0.007780470799999999,0.0309373534
PI_TRAPEZOIDAL,Intel(R) Xeon(R) CPU E5-2620 v3 @ 2.40GHz,128,8,0.009748447,0.0337961342
PI_TRAPEZOIDAL,Intel(R) Xeon(R) CPU E5-2620 v3 @ 2.40GHz,256,8,0.0506756766,0.0758729594
PI_TRAPEZOIDAL,Intel(R) Xeon(R) CPU E5-2620 v3 @ 2.40GHz,512,8,0.3843464302,0.41251170220000005
PI_TRAPEZOIDAL,Intel(R) Xeon(R) CPU E5-2620 v3 @ 2.40GHz,1024,8,2.4518819219999997,2.4869353355999997
PI_TRAPEZOIDAL,Intel(R) Xeon(R) CPU E5-2620 v3 @ 2.40GHz,2048,8,17.632550880000004,17.67940031
PI_TRAPEZOIDAL,Intel(R) Xeon(R) CPU E5-2620 v3 @ 2.40GHz,4,12,0.007432705599999999,0.03815767120000001
PI_TRAPEZOIDAL,Intel(R) Xeon(R) CPU E5-2620 v3 @ 2.40GHz,8,12,0.00818025,0.033260214999999996
PI_TRAPEZOIDAL,Intel(R) Xeon(R) CPU E5-2620 v3 @ 2.40GHz,16,12,0.0088945546,0.030363019
PI_TRAPEZOIDAL,Intel(R) Xeon(R) CPU E5-2620 v3 @ 2.40GHz,32,12,0.008531802599999999,0.026162421799999995
PI_TRAPEZOIDAL,Intel(R) Xeon(R) CPU E5-2620 v3 @ 2.40GHz,64,12,0.0084545774,0.0325284134
PI_TRAPEZOIDAL,Intel(R) Xeon(R) CPU E5-2620 v3 @ 2.40GHz,128,12,0.0110481724,0.0332191986
PI_TRAPEZOIDAL,Intel(R) Xeon(R) CPU E5-2620 v3 @ 2.40GHz,256,12,0.038356562999999996,0.06691237959999999
PI_TRAPEZOIDAL,Intel(R) Xeon(R) CPU E5-2620 v3 @ 2.40GHz,512,12,0.2502628196,0.276777972
PI_TRAPEZOIDAL,Intel(R) Xeon(R) CPU E5-2620 v3 @ 2.40GHz,1024,12,1.7916592088,1.8289290596
PI_TRAPEZOIDAL,Intel(R) Xeon(R) CPU E5-2620 v3 @ 2.40GHz,2048,12,14.0876968736,14.136991389400004
PI_TRAPEZOIDAL,Intel(R) Xeon(R) CPU E5-2620 v3 @ 2.40GHz,4,16,0.0114599114,0.030292246000000002
PI_TRAPEZOIDAL,Intel(R) Xeon(R) CPU E5-2620 v3 @ 2.40GHz,8,16,0.010020641200000001,0.027635315799999997
PI_TRAPEZOIDAL,Intel(R) Xeon(R) CPU E5-2620 v3 @ 2.40GHz,16,16,0.0112535216,0.027681747199999995
PI_TRAPEZOIDAL,Intel(R) Xeon(R) CPU E5-2620 v3 @ 2.40GHz,32,16,0.0125522578,0.0381980808
PI_TRAPEZOIDAL,Intel(R) Xeon(R) CPU E5-2620 v3 @ 2.40GHz,64,16,0.0088726998,0.026817091199999997
PI_TRAPEZOIDAL,Intel(R) Xeon(R) CPU E5-2620 v3 @ 2.40GHz,128,16,0.013420522600000002,0.038806708
PI_TRAPEZOIDAL,Intel(R) Xeon(R) CPU E5-2620 v3 @ 2.40GHz,256,16,0.029560592799999997,0.0488463522
PI_TRAPEZOIDAL,Intel(R) Xeon(R) CPU E5-2620 v3 @ 2.40GHz,512,16,0.17265934160000002,0.19195244260000002
PI_TRAPEZOIDAL,Intel(R) Xeon(R) CPU E5-2620 v3 @ 2.40GHz,1024,16,1.2656898388,1.2918484332
PI_TRAPEZOIDAL,Intel(R) Xeon(R) CPU E5-2620 v3 @ 2.40GHz,2048,16,10.552247383400001,10.5967038172
