PROB_NAME,MACHINE,PROB_SIZE,NUMBER_CORES,ALG_TIME,TOTAL_TIME
PI_TRAPEZOIDAL,Intel(R) Xeon(R) CPU E5-2620 v3 @ 2.40GHz,8,0,1.99308e-05,5.8843000000000006e-05
PI_TRAPEZOIDAL,Intel(R) Xeon(R) CPU E5-2620 v3 @ 2.40GHz,16,0,2.46164e-05,6.33142e-05
PI_TRAPEZOIDAL,Intel(R) Xeon(R) CPU E5-2620 v3 @ 2.40GHz,32,0,4.191480000000001e-05,8.102080000000001e-05
PI_TRAPEZOIDAL,Intel(R) Xeon(R) CPU E5-2620 v3 @ 2.40GHz,64,0,7.24818e-05,0.0001185782
PI_TRAPEZOIDAL,Intel(R) Xeon(R) CPU E5-2620 v3 @ 2.40GHz,128,0,0.00013637760000000001,0.0001785806
PI_TRAPEZOIDAL,Intel(R) Xeon(R) CPU E5-2620 v3 @ 2.40GHz,256,0,0.00027925259999999995,0.0003223738
PI_TRAPEZOIDAL,Intel(R) Xeon(R) CPU E5-2620 v3 @ 2.40GHz,512,0,0.0006499023999999999,0.0006973787999999999
PI_TRAPEZOIDAL,Intel(R) Xeon(R) CPU E5-2620 v3 @ 2.40GHz,1024,0,0.0014027952000000002,0.0014528949999999998
PI_TRAPEZOIDAL,Intel(R) Xeon(R) CPU E5-2620 v3 @ 2.40GHz,2048,0,0.0026003441999999997,0.0026523979999999994
PI_TRAPEZOIDAL,Intel(R) Xeon(R) CPU E5-2620 v3 @ 2.40GHz,4096,0,0.0054955858,0.0055653136
PI_TRAPEZOIDAL,Intel(R) Xeon(R) CPU E5-2620 v3 @ 2.40GHz,8192,0,0.012072107,0.012168019799999999
PI_TRAPEZOIDAL,Intel(R) Xeon(R) CPU E5-2620 v3 @ 2.40GHz,16384,0,0.025933757199999997,0.0260757546
PI_TRAPEZOIDAL,Intel(R) Xeon(R) CPU E5-2620 v3 @ 2.40GHz,32768,0,0.053772325600000004,0.0540619266
PI_TRAPEZOIDAL,Intel(R) Xeon(R) CPU E5-2620 v3 @ 2.40GHz,65536,0,0.11508826219999999,0.1156249766
PI_TRAPEZOIDAL,Intel(R) Xeon(R) CPU E5-2620 v3 @ 2.40GHz,131072,0,0.24418728500000003,0.2451787706
PI_TRAPEZOIDAL,Intel(R) Xeon(R) CPU E5-2620 v3 @ 2.40GHz,262144,0,0.5509478796,0.552708194
PI_TRAPEZOIDAL,Intel(R) Xeon(R) CPU E5-2620 v3 @ 2.40GHz,524288,0,1.1370520597999998,1.1402352896
PI_TRAPEZOIDAL,Intel(R) Xeon(R) CPU E5-2620 v3 @ 2.40GHz,1048576,0,2.5554157967999998,2.5612974456
PI_TRAPEZOIDAL,Intel(R) Xeon(R) CPU E5-2620 v3 @ 2.40GHz,2097152,0,5.716731131,5.7286900056
PI_TRAPEZOIDAL,Intel(R) Xeon(R) CPU E5-2620 v3 @ 2.40GHz,4194304,0,11.873307434200001,11.895371689
PI_TRAPEZOIDAL,Intel(R) Xeon(R) CPU E5-2620 v3 @ 2.40GHz,8,4,0.00010695860000000002,0.0001449432
PI_TRAPEZOIDAL,Intel(R) Xeon(R) CPU E5-2620 v3 @ 2.40GHz,16,4,0.000123559,0.000161474
PI_TRAPEZOIDAL,Intel(R) Xeon(R) CPU E5-2620 v3 @ 2.40GHz,32,4,0.0002032674,0.00024001079999999998
PI_TRAPEZOIDAL,Intel(R) Xeon(R) CPU E5-2620 v3 @ 2.40GHz,64,4,0.00021022319999999998,0.000249304
PI_TRAPEZOIDAL,Intel(R) Xeon(R) CPU E5-2620 v3 @ 2.40GHz,128,4,0.0003116874,0.00035210760000000004
PI_TRAPEZOIDAL,Intel(R) Xeon(R) CPU E5-2620 v3 @ 2.40GHz,256,4,0.0005331696,0.0005743816000000001
PI_TRAPEZOIDAL,Intel(R) Xeon(R) CPU E5-2620 v3 @ 2.40GHz,512,4,0.0009558829999999999,0.0010019334000000001
PI_TRAPEZOIDAL,Intel(R) Xeon(R) CPU E5-2620 v3 @ 2.40GHz,1024,4,0.0018342287999999999,0.0018903046
PI_TRAPEZOIDAL,Intel(R) Xeon(R) CPU E5-2620 v3 @ 2.40GHz,2048,4,0.0037238276,0.0037723004
PI_TRAPEZOIDAL,Intel(R) Xeon(R) CPU E5-2620 v3 @ 2.40GHz,4096,4,0.0071679102,0.0072274389999999996
PI_TRAPEZOIDAL,Intel(R) Xeon(R) CPU E5-2620 v3 @ 2.40GHz,8192,4,0.0148780656,0.0149579198
PI_TRAPEZOIDAL,Intel(R) Xeon(R) CPU E5-2620 v3 @ 2.40GHz,16384,4,0.029282539000000003,0.0294167104
PI_TRAPEZOIDAL,Intel(R) Xeon(R) CPU E5-2620 v3 @ 2.40GHz,32768,4,0.061455823599999994,0.06167229420000001
PI_TRAPEZOIDAL,Intel(R) Xeon(R) CPU E5-2620 v3 @ 2.40GHz,65536,4,0.12355519799999999,0.12398712199999999
PI_TRAPEZOIDAL,Intel(R) Xeon(R) CPU E5-2620 v3 @ 2.40GHz,131072,4,0.2400231888,0.24090761339999997
PI_TRAPEZOIDAL,Intel(R) Xeon(R) CPU E5-2620 v3 @ 2.40GHz,262144,4,0.4833979902,0.4847970366
PI_TRAPEZOIDAL,Intel(R) Xeon(R) CPU E5-2620 v3 @ 2.40GHz,524288,4,0.9453887783999999,0.9479532572
PI_TRAPEZOIDAL,Intel(R) Xeon(R) CPU E5-2620 v3 @ 2.40GHz,1048576,4,1.8535951108000002,1.8585602
PI_TRAPEZOIDAL,Intel(R) Xeon(R) CPU E5-2620 v3 @ 2.40GHz,2097152,4,4.2299708056,4.2406705406
PI_TRAPEZOIDAL,Intel(R) Xeon(R) CPU E5-2620 v3 @ 2.40GHz,4194304,4,8.6249868994,8.6470468692
PI_TRAPEZOIDAL,Intel(R) Xeon(R) CPU E5-2620 v3 @ 2.40GHz,8,8,0.000198599,0.0002380048
PI_TRAPEZOIDAL,Intel(R) Xeon(R) CPU E5-2620 v3 @ 2.40GHz,16,8,0.0002045938,0.000242897
PI_TRAPEZOIDAL,Intel(R) Xeon(R) CPU E5-2620 v3 @ 2.40GHz,32,8,0.0003667024,0.00040412360000000004
PI_TRAPEZOIDAL,Intel(R) Xeon(R) CPU E5-2620 v3 @ 2.40GHz,64,8,0.00035644779999999997,0.00039380860000000004
PI_TRAPEZOIDAL,Intel(R) Xeon(R) CPU E5-2620 v3 @ 2.40GHz,128,8,0.0005671789999999999,0.0006048614
PI_TRAPEZOIDAL,Intel(R) Xeon(R) CPU E5-2620 v3 @ 2.40GHz,256,8,0.0010114602,0.0010523350000000002
PI_TRAPEZOIDAL,Intel(R) Xeon(R) CPU E5-2620 v3 @ 2.40GHz,512,8,0.0017570963999999998,0.0018132945999999998
PI_TRAPEZOIDAL,Intel(R) Xeon(R) CPU E5-2620 v3 @ 2.40GHz,1024,8,0.0035763238000000004,0.0036247578000000004
PI_TRAPEZOIDAL,Intel(R) Xeon(R) CPU E5-2620 v3 @ 2.40GHz,2048,8,0.0068251256,0.0068801092
PI_TRAPEZOIDAL,Intel(R) Xeon(R) CPU E5-2620 v3 @ 2.40GHz,4096,8,0.013317553199999999,0.013381921199999999
PI_TRAPEZOIDAL,Intel(R) Xeon(R) CPU E5-2620 v3 @ 2.40GHz,8192,8,0.0273802126,0.0274622938
PI_TRAPEZOIDAL,Intel(R) Xeon(R) CPU E5-2620 v3 @ 2.40GHz,16384,8,0.0561663802,0.0563005788
PI_TRAPEZOIDAL,Intel(R) Xeon(R) CPU E5-2620 v3 @ 2.40GHz,32768,8,0.1099640908,0.11022306280000001
PI_TRAPEZOIDAL,Intel(R) Xeon(R) CPU E5-2620 v3 @ 2.40GHz,65536,8,0.226729166,0.22719347040000004
PI_TRAPEZOIDAL,Intel(R) Xeon(R) CPU E5-2620 v3 @ 2.40GHz,131072,8,0.44956393079999996,0.4504778976
PI_TRAPEZOIDAL,Intel(R) Xeon(R) CPU E5-2620 v3 @ 2.40GHz,262144,8,0.8852934342,0.8866977296
PI_TRAPEZOIDAL,Intel(R) Xeon(R) CPU E5-2620 v3 @ 2.40GHz,524288,8,1.7444963662,1.7471339044
PI_TRAPEZOIDAL,Intel(R) Xeon(R) CPU E5-2620 v3 @ 2.40GHz,1048576,8,3.5289461205999997,3.5341476967999994
PI_TRAPEZOIDAL,Intel(R) Xeon(R) CPU E5-2620 v3 @ 2.40GHz,2097152,8,7.2012805712,7.2118944654
PI_TRAPEZOIDAL,Intel(R) Xeon(R) CPU E5-2620 v3 @ 2.40GHz,4194304,8,14.305873416599999,14.327646869
PI_TRAPEZOIDAL,Intel(R) Xeon(R) CPU E5-2620 v3 @ 2.40GHz,8,12,0.00026725739999999994,0.00030488839999999993
PI_TRAPEZOIDAL,Intel(R) Xeon(R) CPU E5-2620 v3 @ 2.40GHz,16,12,0.0003065094,0.0003436762
PI_TRAPEZOIDAL,Intel(R) Xeon(R) CPU E5-2620 v3 @ 2.40GHz,32,12,0.0003418214,0.0003830438
PI_TRAPEZOIDAL,Intel(R) Xeon(R) CPU E5-2620 v3 @ 2.40GHz,64,12,0.0005336676,0.0005760136000000001
PI_TRAPEZOIDAL,Intel(R) Xeon(R) CPU E5-2620 v3 @ 2.40GHz,128,12,0.0007465748,0.0007939748
PI_TRAPEZOIDAL,Intel(R) Xeon(R) CPU E5-2620 v3 @ 2.40GHz,256,12,0.0012945134,0.0013374402000000001
PI_TRAPEZOIDAL,Intel(R) Xeon(R) CPU E5-2620 v3 @ 2.40GHz,512,12,0.0024021401999999997,0.0024467434
PI_TRAPEZOIDAL,Intel(R) Xeon(R) CPU E5-2620 v3 @ 2.40GHz,1024,12,0.0044678826,0.0045121326000000005
PI_TRAPEZOIDAL,Intel(R) Xeon(R) CPU E5-2620 v3 @ 2.40GHz,2048,12,0.0089048032,0.008956910200000001
PI_TRAPEZOIDAL,Intel(R) Xeon(R) CPU E5-2620 v3 @ 2.40GHz,4096,12,0.0170502438,0.017112737600000004
PI_TRAPEZOIDAL,Intel(R) Xeon(R) CPU E5-2620 v3 @ 2.40GHz,8192,12,0.03404482960000001,0.034130289
PI_TRAPEZOIDAL,Intel(R) Xeon(R) CPU E5-2620 v3 @ 2.40GHz,16384,12,0.07309883360000001,0.073247474
PI_TRAPEZOIDAL,Intel(R) Xeon(R) CPU E5-2620 v3 @ 2.40GHz,32768,12,0.1445903372,0.14485247599999998
PI_TRAPEZOIDAL,Intel(R) Xeon(R) CPU E5-2620 v3 @ 2.40GHz,65536,12,0.29190881160000004,0.29243528339999997
PI_TRAPEZOIDAL,Intel(R) Xeon(R) CPU E5-2620 v3 @ 2.40GHz,131072,12,0.5828732898,0.5838644904
PI_TRAPEZOIDAL,Intel(R) Xeon(R) CPU E5-2620 v3 @ 2.40GHz,262144,12,1.1273215382000001,1.1289523836000002
PI_TRAPEZOIDAL,Intel(R) Xeon(R) CPU E5-2620 v3 @ 2.40GHz,524288,12,2.262725797,2.2656309034000004
PI_TRAPEZOIDAL,Intel(R) Xeon(R) CPU E5-2620 v3 @ 2.40GHz,1048576,12,4.439848096,4.4453672148
PI_TRAPEZOIDAL,Intel(R) Xeon(R) CPU E5-2620 v3 @ 2.40GHz,2097152,12,9.2973720652,9.3083857562
PI_TRAPEZOIDAL,Intel(R) Xeon(R) CPU E5-2620 v3 @ 2.40GHz,4194304,12,18.1802961216,18.202457200399998
PI_TRAPEZOIDAL,Intel(R) Xeon(R) CPU E5-2620 v3 @ 2.40GHz,8,16,0.00029846079999999996,0.0003361808
PI_TRAPEZOIDAL,Intel(R) Xeon(R) CPU E5-2620 v3 @ 2.40GHz,16,16,0.00032005220000000005,0.00035692
PI_TRAPEZOIDAL,Intel(R) Xeon(R) CPU E5-2620 v3 @ 2.40GHz,32,16,0.0004045016,0.00044436400000000004
PI_TRAPEZOIDAL,Intel(R) Xeon(R) CPU E5-2620 v3 @ 2.40GHz,64,16,0.000539903,0.000580464
PI_TRAPEZOIDAL,Intel(R) Xeon(R) CPU E5-2620 v3 @ 2.40GHz,128,16,0.0008143959999999999,0.0008552998
PI_TRAPEZOIDAL,Intel(R) Xeon(R) CPU E5-2620 v3 @ 2.40GHz,256,16,0.0014579058,0.0014958882000000002
PI_TRAPEZOIDAL,Intel(R) Xeon(R) CPU E5-2620 v3 @ 2.40GHz,512,16,0.0025854536,0.0026256396
PI_TRAPEZOIDAL,Intel(R) Xeon(R) CPU E5-2620 v3 @ 2.40GHz,1024,16,0.004963897399999999,0.0050079362
PI_TRAPEZOIDAL,Intel(R) Xeon(R) CPU E5-2620 v3 @ 2.40GHz,2048,16,0.0095757414,0.0096253264
PI_TRAPEZOIDAL,Intel(R) Xeon(R) CPU E5-2620 v3 @ 2.40GHz,4096,16,0.0187534556,0.0188165432
PI_TRAPEZOIDAL,Intel(R) Xeon(R) CPU E5-2620 v3 @ 2.40GHz,8192,16,0.03744293159999999,0.0375316474
PI_TRAPEZOIDAL,Intel(R) Xeon(R) CPU E5-2620 v3 @ 2.40GHz,16384,16,0.0864262476,0.0865685282
PI_TRAPEZOIDAL,Intel(R) Xeon(R) CPU E5-2620 v3 @ 2.40GHz,32768,16,0.17256100219999998,0.17283210060000004
PI_TRAPEZOIDAL,Intel(R) Xeon(R) CPU E5-2620 v3 @ 2.40GHz,65536,16,0.34362767439999997,0.3441287894
PI_TRAPEZOIDAL,Intel(R) Xeon(R) CPU E5-2620 v3 @ 2.40GHz,131072,16,0.6900211322,0.6910368638
PI_TRAPEZOIDAL,Intel(R) Xeon(R) CPU E5-2620 v3 @ 2.40GHz,262144,16,1.3805235870000003,1.3821214581999999
PI_TRAPEZOIDAL,Intel(R) Xeon(R) CPU E5-2620 v3 @ 2.40GHz,524288,16,2.7786266595999995,2.781535526
PI_TRAPEZOIDAL,Intel(R) Xeon(R) CPU E5-2620 v3 @ 2.40GHz,1048576,16,5.5631523735999995,5.5687875302
PI_TRAPEZOIDAL,Intel(R) Xeon(R) CPU E5-2620 v3 @ 2.40GHz,2097152,16,11.1989615286,11.2099923104
PI_TRAPEZOIDAL,Intel(R) Xeon(R) CPU E5-2620 v3 @ 2.40GHz,4194304,16,22.715899251399996,22.738582155800003
